timestamp,voltage,percent,status,time_remaining_s
2026-07-17 08:45:03,4.16,100,Full,0
2026-07-17 08:46:03,4.16,100,Full,0
2026-07-17 08:47:04,4.16,100,Full,0
2026-07-17 08:48:04,4.15,100,Discharging,60000
2026-07-17 08:49:04,4.16,100,Discharging,60000
2026-07-17 08:50:04,4.16,100,Full,0
2026-07-17 08:51:04,4.16,100,Full,0
2026-07-17 08:52:04,4.16,100,Full,0
2026-07-17 08:53:04,4.16,100,Full,0
2026-07-17 08:54:04,4.16,100,Full,0
2026-07-17 08:55:04,4.16,100,Full,0
2026-07-17 08:56:04,4.16,100,Full,0
2026-07-17 08:57:04,4.16,100,Full,0
2026-07-17 08:58:04,4.16,100,Full,0
2026-07-17 08:59:04,4.16,100,Full,0
2026-07-17 09:00:04,4.16,100,Full,0
2026-07-17 09:01:46,4.16,100,Full,0
2026-07-17 09:02:46,4.16,100,Full,0
2026-07-17 09:03:46,4.16,100,Discharging,60000
2026-07-17 09:04:46,4.16,100,Discharging,60000
2026-07-17 09:05:46,4.16,100,Discharging,60000
2026-07-17 09:07:42,4.16,100,Full,0
2026-07-17 09:08:42,4.17,100,Full,0
2026-07-17 09:09:42,4.16,100,Discharging,60000
2026-07-17 09:10:42,4.17,100,Discharging,60000
2026-07-17 09:11:42,4.17,100,Full,0
2026-07-17 09:12:42,4.17,100,Full,0
2026-07-17 09:13:42,4.16,100,Full,0
2026-07-17 09:14:42,4.16,100,Full,0
2026-07-17 09:15:42,4.16,100,Discharging,60000
2026-07-17 09:16:42,4.17,100,Discharging,60000
2026-07-17 09:17:42,4.17,100,Discharging,60000
2026-07-17 09:18:42,4.17,100,Discharging,60000
2026-07-17 09:19:42,4.17,100,Full,0
2026-07-17 09:20:42,4.17,100,Full,0
2026-07-17 09:21:42,4.17,100,Full,0
2026-07-17 09:22:42,4.17,100,Full,0
2026-07-17 09:23:42,4.17,100,Full,0
2026-07-17 09:24:42,4.17,100,Full,0
2026-07-17 09:25:42,4.17,100,Full,0
2026-07-17 09:26:42,4.17,100,Full,0
2026-07-17 09:27:42,4.17,100,Full,0
2026-07-17 09:28:42,4.17,100,Full,0
2026-07-17 09:29:42,4.17,100,Full,0
2026-07-17 09:30:43,4.17,100,Full,0
2026-07-17 09:31:42,4.17,100,Full,0
2026-07-17 09:32:42,4.17,100,Full,0
2026-07-17 09:33:42,4.17,100,Full,0
2026-07-17 09:34:42,4.17,100,Full,0
2026-07-17 09:35:42,4.17,100,Full,0
2026-07-17 09:36:42,4.17,100,Full,0
2026-07-17 09:37:42,4.17,100,Full,0
2026-07-17 09:38:42,4.17,100,Discharging,60000
2026-07-17 09:39:42,4.17,100,Discharging,60000
2026-07-17 09:40:42,4.17,100,Discharging,60000
2026-07-17 09:41:42,4.17,100,Full,0
2026-07-17 09:42:42,4.17,100,Full,0
2026-07-17 09:43:42,4.17,100,Full,0
2026-07-17 09:44:42,4.17,100,Full,0
2026-07-17 09:45:43,4.17,100,Full,0
2026-07-17 09:46:43,4.17,100,Full,0
2026-07-17 09:47:43,4.17,100,Full,0
2026-07-17 09:48:43,4.17,100,Full,0
2026-07-17 09:49:43,4.17,100,Full,0
2026-07-17 09:50:43,4.17,100,Full,0
2026-07-17 09:51:43,4.17,100,Full,0
2026-07-17 09:52:43,4.17,100,Full,0
2026-07-17 09:53:43,4.17,100,Full,0
2026-07-17 09:54:43,4.17,100,Full,0
2026-07-17 09:55:43,4.18,100,Full,0
2026-07-17 09:56:43,4.18,100,Full,0
2026-07-17 09:57:43,4.17,100,Full,0
2026-07-17 09:58:43,4.17,100,Full,0
2026-07-17 09:59:43,4.17,100,Full,0
2026-07-17 10:00:43,4.17,100,Full,0
2026-07-17 10:01:43,4.17,100,Full,0
2026-07-17 10:02:43,4.17,100,Full,0
2026-07-17 10:03:43,4.17,100,Full,0
2026-07-17 10:04:43,4.18,100,Full,0
2026-07-17 10:05:43,4.18,100,Full,0
2026-07-17 10:06:43,4.18,100,Full,0
2026-07-17 10:07:43,4.18,100,Full,0
2026-07-17 10:08:43,4.18,100,Full,0
2026-07-17 10:09:43,4.18,100,Full,0
2026-07-17 10:10:43,4.18,100,Full,0
2026-07-17 10:11:43,4.18,100,Full,0
2026-07-17 10:12:43,4.18,100,Full,0
2026-07-17 10:13:43,4.18,100,Full,0
2026-07-17 10:14:44,4.18,100,Full,0
2026-07-17 10:15:43,4.18,100,Full,0
2026-07-17 10:16:43,4.17,100,Full,0
2026-07-17 10:17:43,4.17,100,Discharging,60000
2026-07-17 10:18:43,4.17,100,Discharging,60000
2026-07-17 10:19:43,4.17,100,Discharging,60000
2026-07-17 10:20:43,4.17,100,Discharging,60000
2026-07-17 10:21:43,4.17,100,Discharging,60000
2026-07-17 10:22:43,4.17,100,Discharging,60000
2026-07-17 10:23:43,4.17,100,Discharging,60000
2026-07-17 10:24:43,4.16,100,Discharging,60000
2026-07-17 10:25:43,4.16,100,Discharging,60000
2026-07-17 10:26:43,4.16,100,Discharging,60000
2026-07-17 10:27:43,4.16,100,Discharging,60000
2026-07-17 10:28:43,4.16,100,Discharging,60000
2026-07-17 10:29:43,4.16,100,Discharging,60000
2026-07-17 10:30:43,4.16,100,Discharging,60000
2026-07-17 10:31:43,4.16,100,Discharging,60000
2026-07-17 10:32:43,4.16,100,Discharging,60000
2026-07-17 10:33:43,4.16,100,Discharging,60000
2026-07-17 10:34:43,4.16,100,Full,0
2026-07-17 10:35:43,4.16,100,Discharging,60000
2026-07-17 10:36:43,4.16,100,Discharging,60000
2026-07-17 10:37:43,4.16,100,Discharging,60000
2026-07-17 10:38:43,4.16,100,Full,0
2026-07-17 10:39:43,4.15,100,Full,0
2026-07-17 10:40:43,4.15,100,Discharging,60000
2026-07-17 10:41:43,4.15,100,Discharging,60000
2026-07-17 10:42:43,4.16,100,Discharging,60000
2026-07-17 10:43:43,4.16,100,Discharging,60000
2026-07-17 10:44:43,4.16,100,Discharging,60000
2026-07-17 10:45:43,4.15,100,Discharging,60000
2026-07-17 10:46:43,4.15,100,Discharging,60000
2026-07-17 10:47:43,4.15,100,Discharging,60000
2026-07-17 10:48:43,4.15,99,Discharging,56925
2026-07-17 10:49:43,4.15,100,Discharging,57500
2026-07-17 10:50:43,4.15,100,Discharging,57500
2026-07-17 10:51:43,4.15,100,Discharging,57500
2026-07-17 10:52:43,4.15,100,Discharging,48100
2026-07-17 10:53:43,4.15,100,Discharging,48100
2026-07-17 10:54:43,4.15,100,Discharging,48100
2026-07-17 10:55:43,4.15,100,Discharging,48100
2026-07-17 10:56:43,4.15,99,Discharging,47619
2026-07-17 10:57:43,4.15,99,Discharging,47619
2026-07-17 10:58:44,4.15,99,Discharging,47619
2026-07-17 10:59:43,4.14,98,Discharging,40846
2026-07-17 11:00:43,4.13,97,Discharging,40429
2026-07-17 11:01:43,4.13,96,Discharging,40012
2026-07-17 11:02:43,4.13,97,Discharging,40429
2026-07-17 11:03:43,4.13,97,Discharging,40429
2026-07-17 11:04:43,4.12,96,Discharging,40012
2026-07-17 11:05:43,4.12,96,Discharging,40012
2026-07-17 11:06:43,4.12,96,Discharging,35274
2026-07-17 11:07:43,4.12,96,Discharging,35274
2026-07-17 11:08:43,4.12,96,Discharging,35274
2026-07-17 11:09:43,4.12,95,Discharging,30015
2026-07-17 11:10:43,4.12,95,Discharging,30015
2026-07-17 11:11:43,4.11,94,Discharging,29699
2026-07-17 11:12:43,4.11,94,Discharging,29699
2026-07-17 11:13:43,4.11,94,Discharging,29699
2026-07-17 11:14:43,4.11,94,Discharging,29699
2026-07-17 11:15:43,4.10,93,Discharging,29383
2026-07-17 11:16:43,4.10,93,Discharging,29383
2026-07-17 11:17:43,4.10,93,Discharging,29383
2026-07-17 11:18:43,4.10,92,Discharging,25278
2026-07-17 11:19:43,4.09,92,Discharging,25278
2026-07-17 11:20:43,4.09,92,Discharging,25278
2026-07-17 11:21:43,4.09,92,Discharging,22246
2026-07-17 11:22:43,4.08,91,Discharging,22005
2026-07-17 11:23:43,4.08,91,Discharging,22005
2026-07-17 11:24:43,4.09,91,Discharging,22005
2026-07-17 11:25:43,4.09,91,Discharging,22005
2026-07-17 11:26:43,4.08,91,Discharging,22005
2026-07-17 11:27:43,4.08,91,Discharging,22005
2026-07-17 11:28:43,4.09,91,Discharging,22005
2026-07-17 11:29:43,4.08,91,Discharging,22005
2026-07-17 11:30:43,4.08,91,Discharging,22005
2026-07-17 11:31:43,4.08,91,Discharging,22005
2026-07-17 11:32:43,4.08,90,Discharging,21763
2026-07-17 11:33:43,4.08,90,Discharging,21763
2026-07-17 11:34:43,4.08,90,Discharging,19660
2026-07-17 11:35:43,4.08,91,Discharging,19879
2026-07-17 11:36:43,4.08,90,Discharging,19660
2026-07-17 11:37:43,4.08,90,Discharging,19660
2026-07-17 11:38:43,4.08,90,Discharging,19660
2026-07-17 11:39:43,4.08,90,Discharging,19660
2026-07-17 11:40:44,4.07,89,Discharging,18936
2026-07-17 11:41:44,4.07,89,Discharging,18936
2026-07-17 11:42:45,4.07,89,Discharging,18936
2026-07-17 11:43:44,4.07,89,Discharging,18936
2026-07-17 11:44:44,4.07,89,Discharging,18936
2026-07-17 11:45:44,4.07,88,Discharging,18723
2026-07-17 11:46:44,4.07,88,Discharging,18723
2026-07-17 11:47:44,4.07,88,Discharging,18723
2026-07-17 11:48:44,4.07,88,Discharging,18723
2026-07-17 11:49:44,4.06,88,Discharging,18723
2026-07-17 11:50:44,4.06,88,Discharging,17883
2026-07-17 11:51:44,4.06,88,Discharging,17883
2026-07-17 11:52:44,4.06,88,Discharging,17883
2026-07-17 11:53:44,4.06,88,Discharging,17883
2026-07-17 11:54:44,4.06,88,Discharging,17883
2026-07-17 11:55:44,4.06,88,Discharging,19234
2026-07-17 11:56:44,4.06,87,Discharging,19016
2026-07-17 11:57:44,4.06,87,Discharging,19016
2026-07-17 11:58:44,4.06,87,Discharging,19016
2026-07-17 11:59:44,4.06,87,Discharging,19016
2026-07-17 12:00:44,4.06,87,Discharging,19016
2026-07-17 12:01:44,4.05,87,Discharging,19016
2026-07-17 12:02:44,4.06,87,Discharging,19016
2026-07-17 12:03:44,4.05,87,Discharging,22696
2026-07-17 12:04:44,4.05,87,Discharging,22696
2026-07-17 12:05:44,4.05,87,Discharging,22696
2026-07-17 12:06:44,4.05,87,Discharging,22696
2026-07-17 12:07:44,4.06,87,Discharging,22696
2026-07-17 12:08:44,4.05,87,Discharging,22696
2026-07-17 12:09:44,4.05,86,Discharging,19926
2026-07-17 12:10:44,4.05,86,Discharging,19926
2026-07-17 12:11:44,4.05,86,Discharging,19926
2026-07-17 12:12:44,4.04,85,Discharging,18306
2026-07-17 12:13:44,4.04,85,Discharging,18306
2026-07-17 12:14:44,4.04,85,Discharging,18306
2026-07-17 12:15:44,4.04,85,Discharging,18306
2026-07-17 12:16:44,4.05,86,Discharging,18521
2026-07-17 12:17:44,4.04,85,Discharging,18306
2026-07-17 12:18:44,4.04,85,Discharging,18306
2026-07-17 12:19:44,4.04,85,Discharging,18306
2026-07-17 12:20:44,4.04,85,Discharging,18306
2026-07-17 12:21:44,4.04,85,Discharging,18306
2026-07-17 12:22:44,4.04,85,Discharging,18306
2026-07-17 12:23:44,4.04,85,Discharging,18306
2026-07-17 12:24:44,4.04,84,Discharging,20521
2026-07-17 12:25:44,4.04,84,Discharging,20521
2026-07-17 12:26:45,4.04,84,Discharging,20521
2026-07-17 12:27:44,4.04,84,Discharging,20521
2026-07-17 12:28:44,4.04,84,Discharging,20521
2026-07-17 12:29:44,4.03,84,Discharging,20521
2026-07-17 12:30:44,4.03,84,Discharging,20521
2026-07-17 12:31:44,4.04,84,Discharging,20521
2026-07-17 12:32:44,4.03,84,Discharging,20521
2026-07-17 12:33:44,4.03,84,Discharging,20521
2026-07-17 12:34:44,4.03,84,Discharging,20521
2026-07-17 12:35:44,4.03,84,Discharging,20521
2026-07-17 12:36:44,4.03,84,Discharging,20521
2026-07-17 12:37:44,4.03,84,Discharging,20521
2026-07-17 12:38:44,4.03,84,Discharging,20521
2026-07-17 12:39:44,4.03,84,Discharging,20521
2026-07-17 12:40:44,4.03,83,Discharging,28340
2026-07-17 12:41:44,4.03,84,Discharging,28681
2026-07-17 12:42:44,4.03,84,Discharging,28681
2026-07-17 12:43:44,4.04,84,Discharging,28681
2026-07-17 12:44:44,4.03,84,Discharging,28681
2026-07-17 12:45:44,4.03,84,Discharging,28681
2026-07-17 12:46:44,4.03,84,Discharging,28681
2026-07-17 12:47:44,4.04,84,Discharging,28681
2026-07-17 12:48:44,4.04,84,Discharging,28681
2026-07-17 12:49:44,4.04,84,Discharging,28681
2026-07-17 12:50:44,4.03,84,Discharging,28681
2026-07-17 12:51:44,4.04,84,Discharging,28681
2026-07-17 12:52:44,4.03,84,Discharging,28681
2026-07-17 12:53:44,4.03,84,Discharging,28681
2026-07-17 12:54:44,4.03,84,Discharging,28681
2026-07-17 12:55:44,4.03,84,Discharging,28681
2026-07-17 12:56:44,4.03,84,Discharging,28681
2026-07-17 12:57:44,4.03,84,Discharging,28681
2026-07-17 12:58:44,4.03,83,Discharging,39026
2026-07-17 12:59:44,4.03,83,Discharging,39026
2026-07-17 13:00:44,4.02,83,Discharging,39026
2026-07-17 13:01:44,4.03,83,Discharging,39026
2026-07-17 13:02:44,4.03,83,Discharging,39026
2026-07-17 13:03:44,4.03,83,Discharging,39026
2026-07-17 13:04:44,4.03,83,Discharging,39026
2026-07-17 13:05:44,4.03,83,Discharging,39026
2026-07-17 13:06:44,4.03,83,Discharging,39026
2026-07-17 13:07:44,4.03,83,Discharging,39026
2026-07-17 13:08:44,4.03,83,Discharging,39026
2026-07-17 13:09:44,4.03,83,Discharging,39026
2026-07-17 13:10:44,4.02,83,Discharging,39026
2026-07-17 13:11:45,4.02,83,Discharging,39026
2026-07-17 13:12:44,4.02,83,Discharging,39026
2026-07-17 13:13:44,4.02,83,Discharging,39026
2026-07-17 13:14:44,4.02,83,Discharging,41845
2026-07-17 13:15:44,4.02,82,Discharging,41341
2026-07-17 13:16:44,4.02,83,Discharging,41845
2026-07-17 13:17:44,4.02,83,Discharging,41845
2026-07-17 13:18:44,4.02,82,Discharging,41341
2026-07-17 13:19:44,4.02,83,Discharging,41845
2026-07-17 13:20:44,4.02,83,Discharging,41845
2026-07-17 13:21:44,4.02,83,Discharging,41845
2026-07-17 13:22:44,4.02,82,Discharging,41341
2026-07-17 13:23:44,4.02,82,Discharging,41341
2026-07-17 13:24:44,4.02,82,Discharging,41341
2026-07-17 13:25:44,4.02,82,Discharging,41341
2026-07-17 13:26:44,4.02,83,Discharging,41845
2026-07-17 13:27:44,4.03,83,Discharging,41845
2026-07-17 13:28:44,4.03,83,Discharging,41845
2026-07-17 13:29:44,4.03,83,Discharging,41845
2026-07-17 13:30:44,4.02,83,Charging / USB,11492
2026-07-17 13:31:44,4.02,83,Charging / USB,10401
2026-07-17 13:32:44,4.02,83,Charging / USB,10682
2026-07-17 13:33:44,4.02,82,Discharging,41341
2026-07-17 13:34:45,4.02,82,Discharging,41341
2026-07-17 13:35:44,4.02,82,Discharging,41341
2026-07-17 13:36:45,4.02,82,Discharging,41341
2026-07-17 13:37:45,4.02,82,Discharging,41341
2026-07-17 13:38:45,4.02,83,Discharging,41845
2026-07-17 13:39:45,4.02,83,Discharging,41845
2026-07-17 13:40:45,4.02,83,Discharging,41845
2026-07-17 13:41:45,4.02,82,Discharging,35698
2026-07-17 13:42:45,4.02,82,Discharging,35698
2026-07-17 13:43:45,4.02,82,Discharging,35698
2026-07-17 13:44:45,4.02,83,Charging / USB,10958
2026-07-17 13:45:45,4.02,83,Discharging,36133
2026-07-17 13:46:45,4.02,83,Discharging,36133
2026-07-17 13:47:45,4.02,83,Discharging,36133
2026-07-17 13:48:45,4.02,82,Discharging,35698
2026-07-17 13:49:45,4.02,82,Discharging,35698
2026-07-17 13:50:45,4.02,82,Discharging,35698
2026-07-17 13:51:45,4.02,82,Discharging,35698
2026-07-17 13:52:45,4.02,82,Discharging,35698
2026-07-17 13:53:45,4.02,83,Discharging,36133
2026-07-17 13:54:45,4.02,83,Discharging,36133
2026-07-17 13:55:46,4.03,83,Discharging,36133
2026-07-17 13:56:45,4.02,83,Discharging,36133
2026-07-17 13:57:45,4.02,82,Discharging,35698
2026-07-17 13:58:45,4.02,83,Discharging,36133
2026-07-17 13:59:45,4.02,83,Discharging,36133
2026-07-17 14:00:45,4.02,83,Discharging,36133
2026-07-17 14:01:45,4.02,82,Discharging,35698
2026-07-17 14:02:45,4.02,82,Discharging,35698
2026-07-17 14:03:45,4.02,82,Discharging,35698
2026-07-17 14:04:45,4.02,82,Discharging,35698
2026-07-17 14:05:45,4.02,82,Discharging,35698
2026-07-17 14:06:45,4.02,82,Discharging,35698
2026-07-17 14:07:45,4.02,82,Discharging,35698
2026-07-17 14:08:45,4.02,83,Discharging,36133
2026-07-17 14:09:45,4.02,82,Discharging,35698
2026-07-17 14:10:45,4.02,82,Discharging,35698
2026-07-17 14:11:45,4.02,82,Discharging,35698
2026-07-17 14:12:45,4.02,82,Discharging,35698
2026-07-17 14:13:45,4.02,83,Discharging,36133
2026-07-17 14:14:45,4.02,82,Discharging,35698
2026-07-17 14:15:45,4.02,82,Discharging,35698
2026-07-17 14:16:45,4.02,82,Discharging,35698
2026-07-17 14:17:45,4.02,82,Discharging,35698
2026-07-17 14:18:45,4.02,82,Discharging,35698
2026-07-17 14:19:45,4.02,82,Discharging,35698
2026-07-17 14:20:45,4.02,82,Discharging,35698
2026-07-17 14:21:45,4.02,82,Discharging,35698
2026-07-17 14:22:45,4.02,82,Discharging,35698
2026-07-17 14:23:45,4.02,82,Discharging,35698
2026-07-17 14:24:45,4.02,82,Discharging,35698
2026-07-17 14:25:45,4.02,82,Discharging,35698
2026-07-17 14:26:45,4.02,82,Discharging,35698
2026-07-17 14:27:45,4.02,82,Discharging,35698
2026-07-17 14:28:45,4.02,82,Discharging,35698
2026-07-17 14:29:45,4.02,82,Discharging,35698
2026-07-17 14:30:45,4.02,82,Discharging,44714
2026-07-17 14:31:45,4.02,82,Discharging,44714
2026-07-17 14:32:45,4.02,82,Discharging,44714
2026-07-17 14:33:45,4.02,82,Discharging,44714
2026-07-17 14:34:45,4.02,82,Discharging,44714
2026-07-17 14:35:45,4.02,82,Discharging,40609
2026-07-17 14:36:45,4.02,82,Discharging,40609
2026-07-17 14:37:45,4.01,81,Discharging,40114
2026-07-17 14:38:45,4.01,81,Discharging,40114
2026-07-17 14:39:46,4.01,81,Discharging,40114
2026-07-17 14:40:45,4.02,82,Discharging,40609
2026-07-17 14:41:45,4.02,82,Discharging,40609
2026-07-17 14:42:45,4.02,82,Discharging,40609
2026-07-17 14:43:45,4.02,82,Discharging,40609
2026-07-17 14:44:45,4.01,81,Discharging,33711
2026-07-17 14:45:45,4.02,82,Discharging,34128
2026-07-17 14:46:45,4.02,82,Discharging,34128
2026-07-17 14:47:45,4.02,82,Discharging,34128
2026-07-17 14:48:45,4.02,82,Discharging,34128
2026-07-17 14:49:45,4.02,82,Discharging,34128
2026-07-17 14:50:45,4.02,82,Discharging,34128
2026-07-17 14:51:45,4.02,82,Discharging,34128
2026-07-17 14:52:45,4.02,82,Discharging,34128
2026-07-17 14:53:45,4.02,82,Discharging,34128
2026-07-17 14:54:45,4.02,82,Discharging,34128
2026-07-17 14:55:45,4.02,82,Discharging,34128
2026-07-17 14:56:45,4.02,82,Discharging,34128
2026-07-17 14:57:45,4.02,82,Discharging,34128
2026-07-17 14:58:45,4.02,82,Discharging,34128
2026-07-17 14:59:45,4.02,82,Discharging,34128
2026-07-17 15:00:45,4.02,82,Discharging,34128
2026-07-17 15:01:45,4.02,82,Discharging,34128
2026-07-17 15:02:45,4.02,82,Discharging,34128
2026-07-17 15:03:45,4.02,82,Discharging,34128
2026-07-17 15:04:45,4.02,82,Discharging,45755
2026-07-17 15:05:45,4.02,82,Discharging,45755
2026-07-17 15:06:45,4.02,82,Discharging,45755
2026-07-17 15:07:45,4.02,82,Discharging,45755
2026-07-17 15:08:45,4.02,82,Discharging,45755
2026-07-17 15:09:45,4.02,82,Discharging,41033
2026-07-17 15:10:45,4.01,81,Discharging,40533
2026-07-17 15:11:45,4.01,81,Discharging,40533
2026-07-17 15:12:45,4.02,82,Discharging,41033
2026-07-17 15:13:45,4.02,82,Discharging,41033
2026-07-17 15:14:45,4.02,82,Discharging,41033
2026-07-17 15:15:45,4.01,81,Discharging,40533
2026-07-17 15:16:45,4.02,82,Discharging,41033
2026-07-17 15:17:45,4.01,81,Discharging,40533
2026-07-17 15:18:45,4.01,81,Discharging,40533
2026-07-17 15:19:45,4.02,82,Discharging,41033
2026-07-17 15:20:45,4.01,81,Discharging,40533
2026-07-17 15:21:45,4.01,81,Discharging,40533
2026-07-17 15:22:45,4.01,81,Discharging,40533
2026-07-17 15:23:46,4.01,81,Discharging,40533
2026-07-17 15:24:45,4.01,81,Discharging,40533
2026-07-17 15:25:45,4.01,80,Discharging,37072
2026-07-17 15:26:45,4.01,80,Discharging,37072
2026-07-17 15:27:45,4.01,80,Discharging,37072
2026-07-17 15:28:45,4.01,80,Discharging,37072
2026-07-17 15:29:45,4.01,80,Discharging,37072
2026-07-17 15:30:45,4.01,80,Discharging,37072
2026-07-17 15:31:45,4.01,81,Discharging,37535
2026-07-17 15:32:46,4.01,81,Discharging,37535
2026-07-17 15:33:46,4.01,81,Discharging,31891
2026-07-17 15:34:45,4.01,80,Discharging,31498
2026-07-17 15:35:46,4.01,81,Discharging,31891
2026-07-17 15:36:46,4.01,81,Discharging,31891
2026-07-17 15:37:46,4.01,81,Discharging,31891
2026-07-17 15:38:46,4.01,81,Discharging,31891
2026-07-17 15:39:45,4.01,80,Discharging,31498
2026-07-17 15:40:46,4.01,80,Discharging,31498
2026-07-17 15:41:45,4.01,80,Discharging,31498
2026-07-17 15:42:46,4.01,81,Discharging,31891
2026-07-17 15:43:46,4.01,80,Discharging,31498
2026-07-17 15:44:45,4.01,80,Discharging,31498
2026-07-17 15:45:45,4.01,81,Discharging,31891
2026-07-17 15:46:46,4.01,81,Discharging,31891
2026-07-17 15:47:46,4.02,82,Discharging,32285
2026-07-17 15:48:46,4.02,82,Discharging,32285
2026-07-17 15:49:46,4.01,81,Charging / USB,8212
2026-07-17 15:50:46,4.02,82,Charging / USB,7479
2026-07-17 15:51:46,4.01,81,Charging / USB,8321
2026-07-17 15:52:46,4.02,82,Charging / USB,7735
2026-07-17 15:53:46,4.01,81,Charging / USB,7434
2026-07-17 15:54:46,4.01,81,Charging / USB,11845
2026-07-17 15:55:46,4.01,81,Discharging,31891
2026-07-17 15:56:46,4.01,81,Discharging,31891
2026-07-17 15:57:46,4.02,82,Discharging,32285
2026-07-17 15:58:46,4.02,82,Discharging,32285
2026-07-17 15:59:46,4.02,82,Discharging,32285
2026-07-17 16:00:46,4.02,82,Discharging,27632
2026-07-17 16:01:46,4.01,81,Discharging,27295
2026-07-17 16:02:46,4.02,82,Discharging,27632
2026-07-17 16:03:46,4.02,82,Discharging,27632
2026-07-17 16:04:46,4.01,81,Discharging,27295
2026-07-17 16:05:46,4.01,81,Discharging,27295
2026-07-17 16:06:46,4.01,80,Discharging,23886
2026-07-17 16:07:46,4.01,81,Discharging,24185
2026-07-17 16:08:47,4.01,81,Discharging,24185
2026-07-17 16:09:46,4.01,81,Discharging,24185
2026-07-17 16:10:46,4.01,81,Discharging,24185
2026-07-17 16:11:46,4.01,81,Discharging,24185
2026-07-17 16:12:46,4.01,81,Discharging,24185
2026-07-17 16:13:46,4.01,81,Discharging,24185
2026-07-17 16:14:46,4.01,81,Discharging,24185
2026-07-17 16:15:46,4.01,81,Discharging,26233
2026-07-17 16:16:46,4.01,81,Discharging,26233
2026-07-17 16:17:46,4.01,81,Discharging,26233
2026-07-17 16:18:46,4.01,81,Discharging,26233
2026-07-17 16:19:46,4.01,81,Discharging,26233
2026-07-17 16:20:46,4.01,81,Discharging,25198
2026-07-17 16:21:46,4.01,81,Discharging,25198
2026-07-17 16:22:46,4.01,81,Discharging,25198
2026-07-17 16:23:46,4.01,81,Discharging,23398
2026-07-17 16:24:46,4.01,81,Discharging,23398
2026-07-17 16:25:46,4.01,81,Discharging,23398
2026-07-17 16:26:46,4.01,81,Discharging,23398
2026-07-17 16:27:46,4.01,81,Discharging,21797
2026-07-17 16:28:46,4.01,80,Discharging,21528
2026-07-17 16:29:46,4.00,80,Discharging,21528
2026-07-17 16:30:46,4.01,80,Discharging,21528
2026-07-17 16:31:46,4.01,81,Discharging,21797
2026-07-17 16:32:46,4.01,81,Discharging,21797
2026-07-17 16:33:46,4.01,80,Discharging,21528
2026-07-17 16:34:46,4.01,80,Discharging,21528
2026-07-17 16:35:47,4.00,80,Discharging,21528
2026-07-17 16:36:47,4.00,79,Discharging,21258
2026-07-17 16:37:47,4.00,79,Discharging,21258
2026-07-17 16:38:47,4.00,79,Discharging,21258
2026-07-17 16:39:47,4.00,79,Discharging,21258
2026-07-17 16:40:47,4.00,79,Discharging,21258
2026-07-17 16:41:47,4.00,79,Discharging,21258
2026-07-17 16:42:47,4.00,79,Discharging,21258
2026-07-17 16:43:47,3.99,79,Discharging,21258
2026-07-17 16:44:47,4.00,79,Discharging,21258
2026-07-17 16:45:47,3.99,79,Discharging,21258
2026-07-17 16:46:47,3.99,78,Discharging,20989
2026-07-17 16:47:47,3.99,79,Discharging,21258
2026-07-17 16:48:47,3.99,79,Discharging,21258
2026-07-17 16:49:47,3.99,78,Discharging,20989
2026-07-17 16:50:47,3.99,78,Discharging,20989
2026-07-17 16:51:47,4.00,79,Discharging,21258
2026-07-17 16:52:48,3.99,79,Discharging,21258
2026-07-17 16:53:47,3.99,78,Discharging,20989
2026-07-17 16:54:47,3.99,78,Discharging,20989
2026-07-17 16:55:47,3.99,78,Discharging,20989
2026-07-17 16:56:47,3.99,78,Discharging,20989
2026-07-17 16:57:47,3.99,78,Discharging,20989
2026-07-17 16:58:47,3.99,78,Discharging,20989
2026-07-17 16:59:47,3.99,78,Discharging,20989
2026-07-17 17:00:47,4.00,80,Discharging,21528
2026-07-17 17:01:47,4.00,80,Discharging,21528
2026-07-17 17:02:47,4.00,79,Discharging,21258
2026-07-17 17:03:47,4.00,79,Discharging,21258
2026-07-17 17:04:47,4.00,79,Charging / USB,12732
2026-07-17 17:05:47,4.00,80,Charging / USB,12587
2026-07-17 17:06:47,4.00,80,Charging / USB,10222
2026-07-17 17:07:47,4.00,79,Charging / USB,8561
2026-07-17 17:08:47,4.00,79,Charging / USB,11319
2026-07-17 17:09:47,4.00,79,Discharging,21258
2026-07-17 17:10:47,4.00,79,Discharging,21258
2026-07-17 17:11:47,4.00,79,Discharging,21258
2026-07-17 17:12:47,4.00,79,Discharging,21258
2026-07-17 17:13:47,4.00,79,Discharging,21258
2026-07-17 17:14:47,4.00,80,Discharging,21528
2026-07-17 17:15:47,4.00,79,Discharging,21258
2026-07-17 17:16:47,4.00,79,Discharging,21258
2026-07-17 17:17:47,4.00,79,Discharging,21258
2026-07-17 17:18:47,3.99,79,Discharging,21258
2026-07-17 17:19:47,3.99,78,Discharging,20770
2026-07-17 17:20:47,4.00,79,Discharging,21036
2026-07-17 17:21:47,4.00,79,Discharging,21036
2026-07-17 17:22:47,4.00,79,Discharging,21036
2026-07-17 17:23:47,4.00,79,Discharging,21036
2026-07-17 17:24:47,4.00,79,Discharging,21036
2026-07-17 17:25:47,4.00,79,Discharging,21036
2026-07-17 17:26:47,3.99,79,Discharging,22676
2026-07-17 17:27:47,3.99,78,Discharging,22389
2026-07-17 17:28:47,3.99,78,Discharging,22389
2026-07-17 17:29:47,3.99,78,Discharging,22389
2026-07-17 17:30:47,3.99,78,Discharging,22389
2026-07-17 17:31:47,3.99,79,Discharging,22676
2026-07-17 17:32:47,3.99,79,Discharging,22676
2026-07-17 17:33:47,4.00,79,Discharging,22676
2026-07-17 17:34:47,3.99,78,Discharging,22389
2026-07-17 17:35:47,3.99,79,Discharging,22676
2026-07-17 17:36:48,3.99,78,Discharging,22389
2026-07-17 17:37:47,3.99,78,Discharging,22389
2026-07-17 17:38:47,3.99,78,Discharging,22389
2026-07-17 17:39:47,3.99,78,Discharging,22389
2026-07-17 17:40:47,3.99,78,Discharging,22389
2026-07-17 17:41:47,3.99,78,Discharging,22389
2026-07-17 17:42:47,3.99,78,Discharging,22389
2026-07-17 17:43:47,3.99,77,Discharging,23841
2026-07-17 17:44:47,3.99,77,Discharging,23841
2026-07-17 17:45:47,3.98,77,Discharging,23841
2026-07-17 17:46:47,3.98,77,Discharging,21768
2026-07-17 17:47:47,3.98,77,Discharging,21768
2026-07-17 17:48:47,3.98,76,Discharging,21485
2026-07-17 17:49:47,3.98,76,Discharging,21485
2026-07-17 17:50:47,3.98,76,Discharging,21485
2026-07-17 17:51:47,3.98,76,Discharging,21485
2026-07-17 17:52:47,3.98,76,Discharging,21485
2026-07-17 17:53:47,3.98,76,Discharging,21485
2026-07-17 17:54:47,3.98,76,Discharging,21485
2026-07-17 17:55:47,3.98,76,Discharging,21485
2026-07-17 17:56:47,3.98,76,Discharging,21485
2026-07-17 17:57:47,3.98,77,Discharging,21768
2026-07-17 17:58:47,3.98,77,Discharging,21768
2026-07-17 17:59:47,3.98,77,Discharging,21768
2026-07-17 18:00:47,3.99,77,Discharging,21768
2026-07-17 18:01:47,3.99,78,Discharging,22051
2026-07-17 18:02:47,3.98,77,Charging / USB,14959
2026-07-17 18:03:47,3.98,77,Charging / USB,15379
2026-07-17 18:04:47,3.98,77,Charging / USB,12953
2026-07-17 18:05:47,3.98,77,Charging / USB,15906
2026-07-17 18:06:47,3.99,77,Discharging,21768
2026-07-17 18:07:47,3.99,77,Discharging,21768
2026-07-17 18:08:47,3.99,77,Discharging,21768
2026-07-17 18:09:47,3.99,78,Discharging,22051
2026-07-17 18:10:47,3.99,77,Discharging,21768
2026-07-17 18:11:47,3.99,77,Discharging,21768
2026-07-17 18:12:47,3.99,77,Discharging,21768
2026-07-17 18:13:47,3.99,77,Discharging,21768
2026-07-17 18:14:47,3.98,77,Discharging,20341
2026-07-17 18:15:47,3.98,76,Discharging,20076
2026-07-17 18:16:47,3.98,76,Discharging,20076
2026-07-17 18:17:47,3.98,77,Discharging,20341
2026-07-17 18:18:47,3.99,77,Discharging,20341
2026-07-17 18:19:47,3.99,77,Discharging,20341
2026-07-17 18:20:48,3.99,77,Discharging,20341
2026-07-17 18:21:47,3.98,77,Discharging,19507
2026-07-17 18:22:47,3.98,77,Discharging,19507
2026-07-17 18:23:47,3.98,76,Discharging,19253
2026-07-17 18:24:47,3.98,76,Discharging,19253
2026-07-17 18:25:47,3.98,77,Discharging,19507
2026-07-17 18:26:47,3.98,77,Discharging,19507
2026-07-17 18:27:47,3.98,77,Discharging,19507
2026-07-17 18:28:47,3.98,76,Discharging,19253
2026-07-17 18:29:47,3.98,76,Discharging,19253
2026-07-17 18:30:47,3.98,76,Discharging,19253
2026-07-17 18:31:47,3.98,76,Discharging,19253
2026-07-17 18:32:47,3.98,75,Discharging,19000
2026-07-17 18:33:47,3.98,75,Discharging,19000
2026-07-17 18:34:47,3.98,76,Discharging,19253
2026-07-17 18:35:47,3.97,75,Discharging,19000
2026-07-17 18:36:47,3.98,76,Discharging,19253
2026-07-17 18:37:47,3.97,75,Discharging,19000
2026-07-17 18:38:47,3.98,76,Discharging,19253
2026-07-17 18:39:47,3.98,76,Discharging,19253
2026-07-17 18:40:47,3.97,75,Discharging,19000
2026-07-17 18:41:47,3.97,75,Discharging,19000
2026-07-17 18:42:47,3.97,75,Discharging,19000
2026-07-17 18:43:47,3.98,75,Discharging,19000
2026-07-17 18:44:47,3.97,75,Discharging,19000
2026-07-17 18:45:47,3.97,75,Discharging,19000
2026-07-17 18:46:48,3.98,76,Discharging,19253
2026-07-17 18:47:48,3.97,75,Discharging,19000
2026-07-17 18:48:48,3.97,75,Discharging,19000
2026-07-17 18:49:48,3.97,75,Discharging,19000
2026-07-17 18:50:48,3.97,75,Discharging,19000
2026-07-17 18:51:48,3.97,74,Discharging,17144
2026-07-17 18:52:48,3.97,75,Discharging,17376
2026-07-17 18:53:48,3.97,75,Discharging,17376
2026-07-17 18:54:48,3.97,75,Discharging,17376
2026-07-17 18:55:48,3.97,75,Discharging,17376
2026-07-17 18:56:48,3.97,74,Discharging,15492
2026-07-17 18:57:48,3.97,75,Discharging,15701
2026-07-17 18:58:48,3.97,74,Discharging,15492
2026-07-17 18:59:48,3.97,74,Discharging,15492
2026-07-17 19:00:48,3.97,75,Discharging,15701
2026-07-17 19:01:48,3.97,74,Discharging,15492
2026-07-17 19:02:48,3.97,74,Discharging,15492
2026-07-17 19:03:48,3.97,74,Discharging,15492
2026-07-17 19:04:48,3.97,74,Discharging,15492
2026-07-17 19:05:49,3.97,74,Discharging,15492
2026-07-17 19:06:48,3.96,74,Discharging,15492
2026-07-17 19:07:48,3.97,74,Discharging,14761
2026-07-17 19:08:48,3.97,75,Discharging,14961
2026-07-17 19:09:48,3.97,75,Discharging,14961
2026-07-17 19:10:48,3.97,75,Discharging,14961
2026-07-17 19:11:48,3.97,75,Discharging,14961
2026-07-17 19:12:48,3.97,74,Discharging,14761
2026-07-17 19:13:48,3.97,75,Discharging,14961
2026-07-17 19:14:48,3.96,74,Discharging,14761
2026-07-17 19:15:48,3.97,74,Discharging,14761
2026-07-17 19:16:48,3.97,74,Discharging,14761
2026-07-17 19:17:48,3.97,75,Discharging,14961
2026-07-17 19:18:48,3.97,74,Discharging,14761
2026-07-17 19:19:48,3.97,74,Discharging,14761
2026-07-17 19:20:48,3.97,74,Discharging,14761
2026-07-17 19:21:48,3.97,74,Discharging,14761
2026-07-17 19:22:48,3.97,74,Discharging,14761
2026-07-17 19:23:48,3.97,74,Discharging,14761
2026-07-17 19:24:48,3.96,73,Discharging,14562
2026-07-17 19:25:48,3.96,73,Discharging,14562
2026-07-17 19:26:48,3.96,74,Discharging,14761
2026-07-17 19:27:48,3.97,74,Discharging,14761
2026-07-17 19:28:48,3.96,74,Discharging,14761
2026-07-17 19:29:48,3.96,73,Discharging,13840
2026-07-17 19:30:48,3.97,74,Discharging,14029
2026-07-17 19:31:48,3.97,74,Discharging,14029
2026-07-17 19:32:48,3.96,73,Discharging,13840
2026-07-17 19:33:48,3.96,73,Discharging,13840
2026-07-17 19:34:48,3.96,73,Discharging,13840
2026-07-17 19:35:48,3.96,73,Discharging,13840
2026-07-17 19:36:48,3.96,74,Discharging,14029
2026-07-17 19:37:48,3.96,73,Discharging,13840
2026-07-17 19:38:48,3.96,73,Discharging,13840
2026-07-17 19:39:48,3.96,72,Discharging,13650
2026-07-17 19:40:48,3.96,73,Discharging,13840
2026-07-17 19:41:48,3.96,73,Discharging,13840
2026-07-17 19:42:48,3.96,73,Discharging,13840
2026-07-17 19:43:48,3.96,73,Discharging,13840
2026-07-17 19:44:48,3.96,73,Discharging,13840
2026-07-17 19:45:48,3.97,74,Discharging,14029
2026-07-17 19:46:48,3.97,74,Discharging,14029
2026-07-17 19:47:48,3.97,74,Discharging,14029
2026-07-17 19:48:48,3.97,74,Discharging,14029
2026-07-17 19:49:49,3.96,73,Charging / USB,12343
2026-07-17 19:50:48,3.96,72,Discharging,13650
2026-07-17 19:51:48,3.96,73,Discharging,13840
2026-07-17 19:52:48,3.96,73,Discharging,13840
2026-07-17 19:53:48,3.96,73,Discharging,13840
2026-07-17 19:54:48,3.96,73,Discharging,13840
2026-07-17 19:55:48,3.96,73,Discharging,13840
2026-07-17 19:56:48,3.96,73,Discharging,13840
2026-07-17 19:57:48,3.96,73,Discharging,12532
2026-07-17 19:58:48,3.96,73,Discharging,12532
2026-07-17 19:59:48,3.96,73,Discharging,12532
2026-07-17 20:00:48,3.96,73,Discharging,12532
2026-07-17 20:01:48,3.95,72,Discharging,12840
2026-07-17 20:02:48,3.96,73,Discharging,13019
2026-07-17 20:03:48,3.96,73,Discharging,13019
2026-07-17 20:04:48,3.96,72,Discharging,12840
2026-07-17 20:05:48,3.96,72,Discharging,12840
2026-07-17 20:06:48,3.95,72,Discharging,12840
2026-07-17 20:07:48,3.95,72,Discharging,12840
2026-07-17 20:08:48,3.95,72,Discharging,12840
2026-07-17 20:09:48,3.96,72,Discharging,12840
2026-07-17 20:10:48,3.96,72,Discharging,12840
2026-07-17 20:11:48,3.96,72,Discharging,12840
2026-07-17 20:12:48,3.96,72,Discharging,12840
2026-07-17 20:13:48,3.95,72,Discharging,12936
2026-07-17 20:14:48,3.95,72,Discharging,12936
2026-07-17 20:15:48,3.95,71,Discharging,12123
2026-07-17 20:16:48,3.95,71,Discharging,12123
2026-07-17 20:17:48,3.95,71,Discharging,12123
2026-07-17 20:18:48,3.95,72,Discharging,12293
2026-07-17 20:19:48,3.95,72,Discharging,12293
2026-07-17 20:20:48,3.95,71,Discharging,12123
2026-07-17 20:21:48,3.95,71,Discharging,12123
2026-07-17 20:22:48,3.95,71,Discharging,12123
2026-07-17 20:23:48,3.95,71,Discharging,12123
2026-07-17 20:24:48,3.95,71,Discharging,12123
2026-07-17 20:25:48,3.95,71,Discharging,12123
2026-07-17 20:26:48,3.95,71,Discharging,12123
2026-07-17 20:27:48,3.95,71,Discharging,12123
2026-07-17 20:28:48,3.95,71,Discharging,12123
2026-07-17 20:29:48,3.95,71,Discharging,12123
2026-07-17 20:30:48,3.95,71,Discharging,12123
2026-07-17 20:31:48,3.95,70,Discharging,16982
2026-07-17 20:32:49,3.95,70,Discharging,16982
2026-07-17 20:33:49,3.95,71,Discharging,17224
2026-07-17 20:34:48,3.95,71,Discharging,17224
2026-07-17 20:35:49,3.94,70,Discharging,15125
2026-07-17 20:36:49,3.94,70,Discharging,15125
2026-07-17 20:37:49,3.95,70,Discharging,15125
2026-07-17 20:38:49,3.94,70,Discharging,15125
2026-07-17 20:39:49,3.94,70,Discharging,15125
2026-07-17 20:40:49,3.94,69,Discharging,13653
2026-07-17 20:41:49,3.94,69,Discharging,13653
2026-07-17 20:42:49,3.94,70,Discharging,13850
2026-07-17 20:43:49,3.94,70,Discharging,13850
2026-07-17 20:44:49,3.94,69,Discharging,12992
2026-07-17 20:45:49,3.94,69,Discharging,12992
2026-07-17 20:46:49,3.93,68,Discharging,11739
2026-07-17 20:47:49,3.93,68,Discharging,11739
2026-07-17 20:48:49,3.93,68,Discharging,11739
2026-07-17 20:49:49,3.93,68,Discharging,11739
2026-07-17 20:50:49,3.93,68,Discharging,11739
2026-07-17 20:51:49,3.93,68,Discharging,11739
2026-07-17 20:52:49,3.93,69,Discharging,11912
2026-07-17 20:53:49,3.94,69,Discharging,11912
2026-07-17 20:54:49,3.94,69,Discharging,11912
2026-07-17 20:55:49,3.94,69,Discharging,11912
2026-07-17 20:56:49,3.93,68,Discharging,11839
2026-07-17 20:57:49,3.93,68,Discharging,11839
2026-07-17 20:58:49,3.93,68,Discharging,11839
2026-07-17 20:59:49,3.93,68,Discharging,11839
2026-07-17 21:00:49,3.93,68,Discharging,11839
2026-07-17 21:01:49,3.93,68,Discharging,11839
2026-07-17 21:02:49,3.93,68,Discharging,11839
2026-07-17 21:03:49,3.93,68,Discharging,11839
2026-07-17 21:04:49,3.93,68,Discharging,11839
2026-07-17 21:05:49,3.94,69,Discharging,12013
2026-07-17 21:06:49,3.94,69,Discharging,12013
2026-07-17 21:07:49,3.94,69,Charging / USB,19915
2026-07-17 21:08:49,3.94,69,Charging / USB,16072
2026-07-17 21:09:49,3.93,69,Charging / USB,19764
2026-07-17 21:10:49,3.93,68,Discharging,11839
2026-07-17 21:11:49,3.93,68,Discharging,11839
2026-07-17 21:12:49,3.93,68,Discharging,11839
2026-07-17 21:13:49,3.93,67,Discharging,11665
2026-07-17 21:14:49,3.93,67,Discharging,11665
2026-07-17 21:15:49,3.93,68,Discharging,11839
2026-07-17 21:16:49,3.93,67,Discharging,11665
2026-07-17 21:17:50,3.92,67,Discharging,11665
2026-07-17 21:18:49,3.93,67,Discharging,11665
2026-07-17 21:19:49,3.93,68,Discharging,11839
2026-07-17 21:20:49,3.93,68,Discharging,11839
2026-07-17 21:21:49,3.93,68,Discharging,11839
2026-07-17 21:22:49,3.93,68,Discharging,11839
2026-07-17 21:23:49,3.93,67,Discharging,11665
2026-07-17 21:24:49,3.93,67,Discharging,11665
2026-07-17 21:25:49,3.92,66,Discharging,11491
2026-07-17 21:26:49,3.92,66,Discharging,11491
2026-07-17 21:27:49,3.92,66,Discharging,11491
2026-07-17 21:28:49,3.92,66,Discharging,11491
2026-07-17 21:29:49,3.92,66,Discharging,11491
2026-07-17 21:30:49,3.92,66,Discharging,11491
2026-07-17 21:31:49,3.92,65,Discharging,11199
2026-07-17 21:32:49,3.92,65,Discharging,11199
2026-07-17 21:33:49,3.91,65,Discharging,11199
2026-07-17 21:34:49,3.91,65,Discharging,11199
2026-07-17 21:35:49,3.92,65,Discharging,11199
2026-07-17 21:36:49,3.92,66,Discharging,11371
2026-07-17 21:37:49,3.92,66,Discharging,11371
2026-07-17 21:38:49,3.92,66,Discharging,11371
2026-07-17 21:39:49,3.91,65,Discharging,11039
2026-07-17 21:40:49,3.91,65,Discharging,11039
2026-07-17 21:41:49,3.92,66,Discharging,11209
2026-07-17 21:42:49,3.92,66,Discharging,11209
2026-07-17 21:43:49,3.92,65,Discharging,11039
2026-07-17 21:44:49,3.92,66,Discharging,11209
2026-07-17 21:45:49,3.91,65,Discharging,11039
2026-07-17 21:46:49,3.92,66,Discharging,11209
2026-07-17 21:47:49,3.92,66,Discharging,11209
2026-07-17 21:48:49,3.91,65,Discharging,11039
2026-07-17 21:49:49,3.91,65,Discharging,11039
2026-07-17 21:50:49,3.91,65,Discharging,10456
2026-07-17 21:51:49,3.92,66,Discharging,10617
2026-07-17 21:52:49,3.91,65,Discharging,10456
2026-07-17 21:53:49,3.91,65,Discharging,10456
2026-07-17 21:54:49,3.91,65,Discharging,10456
2026-07-17 21:55:49,3.91,65,Discharging,10120
2026-07-17 21:56:49,3.91,65,Discharging,10120
2026-07-17 21:57:49,3.91,65,Discharging,10120
2026-07-17 21:58:49,3.91,65,Discharging,10120
2026-07-17 21:59:49,3.91,65,Discharging,10120
2026-07-17 22:00:49,3.91,64,Discharging,9964
2026-07-17 22:01:50,3.91,64,Discharging,9964
2026-07-17 22:02:49,3.90,63,Discharging,9233
2026-07-17 22:03:49,3.90,62,Discharging,9086
2026-07-17 22:04:49,3.90,63,Discharging,9233
2026-07-17 22:05:49,3.90,63,Discharging,9233
2026-07-17 22:06:49,3.90,63,Discharging,8773
2026-07-17 22:07:49,3.90,63,Discharging,8773
2026-07-17 22:08:49,3.90,63,Discharging,8773
2026-07-17 22:09:49,3.91,64,Discharging,8912
2026-07-17 22:10:49,3.91,64,Discharging,8912
2026-07-17 22:11:49,3.90,63,Discharging,8782
2026-07-17 22:12:49,3.90,62,Charging / USB,20816
2026-07-17 22:13:49,3.90,63,Discharging,8782
2026-07-17 22:14:49,3.90,63,Discharging,8782
2026-07-17 22:15:49,3.91,64,Discharging,8921
2026-07-17 22:16:49,3.91,64,Discharging,8921
2026-07-17 22:17:49,3.91,64,Discharging,8930
2026-07-17 22:18:49,3.90,62,Discharging,8651
2026-07-17 22:19:49,3.90,63,Discharging,8790
2026-07-17 22:20:49,3.90,63,Discharging,8790
2026-07-17 22:21:49,3.91,64,Discharging,8930
2026-07-17 22:22:49,3.90,63,Discharging,8790
2026-07-17 22:23:49,3.90,63,Discharging,8790
2026-07-17 22:24:49,3.90,63,Discharging,8985
2026-07-17 22:25:49,3.90,62,Discharging,8843
2026-07-17 22:26:49,3.90,63,Discharging,8985
2026-07-17 22:27:49,3.90,62,Discharging,8843
2026-07-17 22:28:49,3.90,62,Discharging,8843
2026-07-17 22:29:49,3.90,62,Discharging,8843
2026-07-17 22:30:49,3.90,62,Discharging,8843
2026-07-17 22:31:49,3.90,62,Discharging,8843
2026-07-17 22:32:49,3.90,62,Discharging,8843
2026-07-17 22:33:49,3.90,62,Discharging,8843
2026-07-17 22:34:49,3.90,62,Discharging,8843
2026-07-17 22:35:49,3.89,62,Discharging,8843
2026-07-17 22:36:49,3.89,61,Discharging,8302
2026-07-17 22:37:49,3.89,62,Discharging,8438
2026-07-17 22:38:49,3.90,62,Discharging,8438
2026-07-17 22:39:49,3.90,62,Discharging,8438
2026-07-17 22:40:49,3.89,62,Discharging,8438
2026-07-17 22:41:49,3.90,62,Discharging,8438
2026-07-17 22:42:49,3.89,62,Discharging,7990
2026-07-17 22:43:49,3.89,61,Discharging,7862
2026-07-17 22:44:49,3.89,61,Discharging,7862
2026-07-17 22:45:50,3.89,61,Discharging,7862
2026-07-17 22:46:49,3.89,62,Discharging,7990
2026-07-17 22:47:49,3.89,61,Discharging,7862
2026-07-17 22:48:49,3.89,62,Discharging,7990
2026-07-17 22:49:49,3.89,61,Discharging,7862
2026-07-17 22:50:49,3.89,61,Discharging,7862
2026-07-17 22:51:49,3.89,62,Discharging,7990
2026-07-17 22:52:49,3.89,61,Discharging,7862
2026-07-17 22:53:49,3.89,61,Discharging,7862
2026-07-17 22:54:49,3.89,61,Discharging,7862
2026-07-17 22:55:49,3.89,61,Discharging,7862
2026-07-17 22:56:49,3.88,60,Discharging,7733
2026-07-17 22:57:49,3.88,60,Discharging,7733
2026-07-17 22:58:49,3.88,60,Discharging,7733
2026-07-17 22:59:49,3.88,60,Discharging,7733
2026-07-17 23:00:49,3.88,60,Discharging,7386
2026-07-17 23:01:49,3.88,60,Discharging,7386
2026-07-17 23:02:49,3.88,60,Discharging,7386
2026-07-17 23:03:49,3.88,60,Discharging,7386
2026-07-17 23:04:49,3.89,60,Discharging,7386
2026-07-17 23:05:49,3.88,60,Discharging,7386
2026-07-17 23:06:50,3.88,60,Discharging,7386
2026-07-17 23:07:50,3.88,59,Discharging,7263
2026-07-17 23:08:50,3.88,60,Discharging,7386
2026-07-17 23:09:50,3.88,60,Discharging,7386
2026-07-17 23:10:50,3.88,60,Discharging,7386
2026-07-17 23:11:50,3.88,60,Discharging,7386
2026-07-17 23:12:50,3.88,59,Discharging,7263
2026-07-17 23:13:50,3.88,59,Discharging,7263
2026-07-17 23:14:50,3.88,59,Discharging,7263
2026-07-17 23:15:50,3.88,60,Discharging,7386
2026-07-17 23:16:50,3.88,60,Discharging,7386
2026-07-17 23:17:50,3.89,60,Discharging,7386
2026-07-17 23:18:50,3.88,60,Discharging,7386
2026-07-17 23:19:50,3.88,60,Discharging,7386
2026-07-17 23:20:50,3.88,60,Discharging,7386
2026-07-17 23:21:50,3.88,60,Charging / USB,24633
2026-07-17 23:22:50,3.88,59,Discharging,7263
2026-07-17 23:23:50,3.88,60,Discharging,7386
2026-07-17 23:24:50,3.88,59,Discharging,7263
2026-07-17 23:25:50,3.87,58,Discharging,7140
2026-07-17 23:26:50,3.88,59,Discharging,7263
2026-07-17 23:27:50,3.88,59,Discharging,7263
2026-07-17 23:28:50,3.88,59,Discharging,7263
2026-07-17 23:29:50,3.88,60,Discharging,7386
2026-07-17 23:30:51,3.88,60,Discharging,7386
2026-07-17 23:31:50,3.88,59,Discharging,7263
2026-07-17 23:32:50,3.88,59,Discharging,7263
2026-07-17 23:33:50,3.88,60,Discharging,7386
2026-07-17 23:34:50,3.88,60,Charging / USB,24933
2026-07-17 23:35:50,3.88,59,Discharging,7263
2026-07-17 23:36:50,3.88,59,Discharging,7263
2026-07-17 23:37:50,3.88,59,Discharging,7263
2026-07-17 23:38:50,3.87,58,Discharging,6988
2026-07-17 23:39:50,3.87,57,Discharging,6867
2026-07-17 23:40:50,3.87,58,Discharging,6988
2026-07-17 23:41:50,3.87,57,Discharging,6867
2026-07-17 23:42:50,3.87,57,Discharging,6867
2026-07-17 23:43:50,3.87,58,Discharging,6988
2026-07-17 23:44:50,3.87,57,Discharging,6867
2026-07-17 23:45:50,3.87,57,Discharging,6867
2026-07-17 23:46:50,3.87,57,Discharging,6867
2026-07-17 23:47:50,3.87,57,Discharging,6867
2026-07-17 23:48:50,3.87,57,Discharging,6867
2026-07-17 23:49:50,3.86,57,Discharging,6867
2026-07-17 23:50:50,3.87,57,Discharging,6867
2026-07-17 23:51:50,3.86,57,Discharging,6867
2026-07-17 23:52:50,3.86,57,Discharging,6867
2026-07-17 23:53:50,3.86,57,Discharging,6867
2026-07-17 23:54:50,3.86,57,Discharging,6867
2026-07-17 23:55:50,3.86,57,Discharging,6867
2026-07-17 23:56:50,3.86,57,Discharging,6867
2026-07-17 23:57:50,3.86,57,Discharging,6867
2026-07-17 23:58:50,3.86,57,Discharging,6867
2026-07-17 23:59:50,3.86,57,Discharging,13314
2026-07-18 00:00:57,3.86,57,Discharging,13314
2026-07-18 00:01:50,3.86,57,Discharging,12128
2026-07-18 00:02:50,3.86,57,Discharging,12128
2026-07-18 00:03:50,3.86,56,Discharging,11916
2026-07-18 00:04:50,3.86,57,Discharging,12128
2026-07-18 00:05:50,3.86,57,Discharging,12128
2026-07-18 00:06:50,3.86,57,Discharging,12128
2026-07-18 00:07:50,3.86,56,Discharging,11916
2026-07-18 00:08:50,3.86,56,Discharging,11916
2026-07-18 00:09:50,3.86,56,Discharging,11916
2026-07-18 00:10:50,3.86,56,Discharging,11916
2026-07-18 00:11:50,3.86,56,Discharging,11916
2026-07-18 00:12:50,3.86,56,Discharging,11916
2026-07-18 00:13:50,3.86,56,Discharging,11916
2026-07-18 00:14:50,3.86,56,Discharging,11916
2026-07-18 00:15:50,3.86,56,Discharging,11916
2026-07-18 00:16:50,3.86,56,Discharging,11916
2026-07-18 00:17:50,3.86,55,Discharging,11067
2026-07-18 00:18:50,3.86,56,Discharging,11268
2026-07-18 00:19:50,3.86,56,Discharging,11268
2026-07-18 00:20:50,3.86,55,Discharging,11067
2026-07-18 00:21:50,3.85,55,Discharging,11067
2026-07-18 00:22:50,3.85,55,Discharging,11067
2026-07-18 00:23:50,3.85,55,Discharging,11067
2026-07-18 00:24:50,3.85,55,Discharging,11067
2026-07-18 00:25:50,3.85,55,Discharging,11067
2026-07-18 00:26:50,3.85,55,Discharging,11067
2026-07-18 00:27:50,3.85,55,Discharging,11067
2026-07-18 00:28:50,3.85,55,Discharging,11067
2026-07-18 00:29:50,3.85,55,Discharging,11067
2026-07-18 00:30:50,3.85,55,Discharging,11067
2026-07-18 00:31:50,3.85,55,Discharging,11067
2026-07-18 00:32:50,3.85,55,Discharging,11067
2026-07-18 00:33:50,3.85,55,Discharging,11067
2026-07-18 00:34:50,3.85,55,Discharging,11067
2026-07-18 00:35:50,3.85,54,Discharging,16307
2026-07-18 00:36:51,3.85,55,Discharging,16609
2026-07-18 00:37:50,3.85,55,Discharging,16609
2026-07-18 00:38:50,3.85,54,Discharging,16307
2026-07-18 00:39:50,3.85,54,Discharging,16307
2026-07-18 00:40:50,3.85,55,Discharging,16609
2026-07-18 00:41:50,3.86,55,Discharging,16609
2026-07-18 00:42:50,3.85,55,Discharging,16609
2026-07-18 00:43:50,3.85,54,Discharging,16307
2026-07-18 00:44:50,3.85,54,Discharging,16307
2026-07-18 00:45:50,3.85,55,Discharging,16609
2026-07-18 00:46:50,3.85,54,Discharging,16307
2026-07-18 00:47:50,3.85,54,Discharging,16307
2026-07-18 00:48:50,3.85,54,Discharging,16307
2026-07-18 00:49:50,3.85,54,Discharging,16307
2026-07-18 00:50:50,3.85,54,Discharging,16307
2026-07-18 00:51:50,3.85,54,Discharging,16307
2026-07-18 00:52:50,3.85,54,Discharging,16307
2026-07-18 00:53:50,3.85,54,Discharging,16307
2026-07-18 00:54:50,3.85,54,Discharging,16307
2026-07-18 00:57:20,3.85,55,Discharging,33000
2026-07-18 00:58:21,3.85,54,Discharging,32400
2026-07-18 00:59:21,3.85,54,Discharging,32400
2026-07-18 01:00:21,3.85,54,Discharging,32400
2026-07-18 01:01:21,3.85,54,Discharging,32400
2026-07-18 01:02:21,3.85,54,Discharging,32400
2026-07-18 01:03:21,3.85,54,Discharging,32400
2026-07-18 01:04:21,3.84,53,Discharging,26769
2026-07-18 01:05:21,3.84,53,Discharging,26769
2026-07-18 01:06:21,3.84,54,Discharging,27274
2026-07-18 01:07:21,3.85,54,Discharging,27274
2026-07-18 01:08:21,3.85,54,Discharging,27274
2026-07-18 01:09:21,3.84,53,Discharging,26769
2026-07-18 01:10:21,3.84,53,Discharging,26769
2026-07-18 01:11:21,3.84,53,Discharging,26769
2026-07-18 01:12:21,3.84,54,Discharging,27274
2026-07-18 01:13:21,3.84,53,Discharging,26769
2026-07-18 01:14:21,3.84,53,Discharging,26769
2026-07-18 01:15:21,3.84,54,Discharging,27274
2026-07-18 01:16:21,3.84,53,Discharging,26769
2026-07-18 01:17:22,3.84,53,Discharging,26769
2026-07-18 01:18:21,3.84,53,Discharging,26769
2026-07-18 01:19:21,3.84,53,Discharging,26769
2026-07-18 01:20:21,3.84,53,Discharging,26769
2026-07-18 01:21:21,3.84,53,Discharging,26769
2026-07-18 01:22:21,3.84,54,Discharging,27274
2026-07-18 01:23:21,3.84,53,Discharging,26769
2026-07-18 01:24:21,3.84,53,Discharging,26769
2026-07-18 01:25:21,3.84,53,Discharging,26769
2026-07-18 01:26:21,3.84,54,Discharging,27274
2026-07-18 01:27:21,3.85,54,Discharging,27274
2026-07-18 01:28:21,3.84,53,Discharging,26769
2026-07-18 01:29:21,3.84,53,Discharging,26769
2026-07-18 01:30:21,3.84,53,Discharging,26769
2026-07-18 01:31:21,3.84,53,Discharging,26769
2026-07-18 01:32:21,3.84,53,Discharging,26769
2026-07-18 01:33:21,3.84,53,Discharging,26769
2026-07-18 01:34:21,3.84,53,Discharging,26769
2026-07-18 01:35:21,3.84,53,Discharging,26769
2026-07-18 01:36:21,3.84,53,Discharging,26769
2026-07-18 01:37:21,3.84,53,Discharging,26769
2026-07-18 01:38:21,3.84,52,Discharging,26264
2026-07-18 01:39:21,3.84,52,Discharging,26264
2026-07-18 01:40:21,3.84,52,Discharging,26264
2026-07-18 01:41:21,3.84,53,Discharging,26769
2026-07-18 01:42:21,3.84,53,Discharging,26769
2026-07-18 01:43:21,3.84,53,Discharging,26769
2026-07-18 01:44:21,3.84,53,Discharging,26769
2026-07-18 01:45:21,3.84,53,Discharging,26769
2026-07-18 01:46:22,3.84,52,Discharging,26264
2026-07-18 01:47:22,3.84,53,Discharging,26769
2026-07-18 01:48:22,3.84,52,Discharging,26264
2026-07-18 01:49:22,3.84,52,Discharging,26264
2026-07-18 01:50:22,3.84,52,Discharging,26264
2026-07-18 01:51:22,3.84,52,Discharging,26264
2026-07-18 01:52:22,3.84,52,Discharging,26264
2026-07-18 01:53:22,3.83,52,Discharging,26264
2026-07-18 01:54:22,3.84,52,Discharging,26264
2026-07-18 01:55:22,3.84,52,Discharging,26264
2026-07-18 01:56:22,3.84,53,Discharging,26769
2026-07-18 01:57:22,3.83,52,Discharging,26264
2026-07-18 01:58:22,3.83,52,Discharging,26264
2026-07-18 01:59:22,3.84,53,Discharging,26769
2026-07-18 02:00:22,3.84,53,Discharging,26769
2026-07-18 02:01:22,3.84,53,Discharging,26769
2026-07-18 02:02:22,3.84,52,Discharging,26264
2026-07-18 02:03:22,3.84,53,Discharging,26769
2026-07-18 02:04:22,3.84,52,Discharging,26264
2026-07-18 02:05:22,3.84,53,Discharging,26769
2026-07-18 02:06:22,3.84,53,Discharging,26769
2026-07-18 02:07:22,3.84,53,Discharging,26769
2026-07-18 02:08:22,3.84,52,Discharging,26264
2026-07-18 02:09:22,3.83,52,Discharging,26264
2026-07-18 02:10:22,3.83,52,Discharging,26264
2026-07-18 02:11:22,3.83,52,Discharging,22571
2026-07-18 02:12:22,3.84,52,Discharging,22571
2026-07-18 02:13:22,3.83,51,Discharging,22137
2026-07-18 02:14:22,3.83,51,Discharging,22137
2026-07-18 02:15:22,3.83,52,Discharging,22571
2026-07-18 02:16:22,3.83,51,Discharging,22137
2026-07-18 02:17:22,3.83,52,Discharging,22571
2026-07-18 02:18:22,3.83,52,Discharging,22571
2026-07-18 02:19:22,3.83,52,Discharging,22571
2026-07-18 02:20:22,3.83,52,Discharging,22571
2026-07-18 02:21:22,3.83,51,Discharging,22137
2026-07-18 02:22:22,3.83,51,Discharging,22137
2026-07-18 02:23:22,3.83,51,Discharging,22137
2026-07-18 02:24:22,3.83,51,Discharging,22137
2026-07-18 02:25:22,3.83,51,Discharging,22137
2026-07-18 02:26:22,3.83,51,Discharging,22137
2026-07-18 02:27:22,3.83,52,Discharging,22571
2026-07-18 02:28:22,3.83,51,Discharging,22137
2026-07-18 02:29:22,3.83,51,Discharging,22137
2026-07-18 02:30:22,3.83,51,Discharging,22137
2026-07-18 02:31:22,3.83,51,Discharging,22137
2026-07-18 02:32:22,3.83,51,Discharging,22137
2026-07-18 02:33:22,3.84,52,Discharging,22571
2026-07-18 02:34:22,3.83,52,Discharging,22571
2026-07-18 02:35:22,3.83,51,Discharging,22137
2026-07-18 02:36:22,3.83,51,Discharging,22137
2026-07-18 02:37:22,3.83,51,Discharging,22137
2026-07-18 02:38:22,3.83,51,Discharging,22137
2026-07-18 02:39:22,3.83,51,Discharging,22137
2026-07-18 02:40:22,3.83,51,Discharging,22137
2026-07-18 02:41:22,3.83,51,Discharging,20719
2026-07-18 02:42:22,3.83,51,Discharging,20719
2026-07-18 02:43:22,3.83,51,Discharging,20719
2026-07-18 02:44:22,3.82,50,Discharging,20312
2026-07-18 02:45:22,3.82,50,Discharging,20312
2026-07-18 02:46:22,3.83,50,Discharging,20312
2026-07-18 02:47:22,3.83,51,Discharging,20719
2026-07-18 02:48:22,3.82,50,Discharging,20312
2026-07-18 02:49:22,3.82,50,Discharging,20312
2026-07-18 02:50:22,3.82,50,Discharging,20312
2026-07-18 02:51:22,3.83,51,Discharging,20719
2026-07-18 02:52:22,3.82,50,Discharging,20312
2026-07-18 02:53:22,3.83,51,Discharging,20719
2026-07-18 02:54:22,3.82,50,Discharging,20312
2026-07-18 02:55:22,3.82,50,Discharging,20312
2026-07-18 02:56:22,3.82,50,Discharging,20312
2026-07-18 02:57:22,3.82,50,Discharging,20312
2026-07-18 02:58:22,3.82,49,Discharging,18767
2026-07-18 02:59:22,3.82,50,Discharging,19150
2026-07-18 03:00:22,3.83,51,Discharging,19533
2026-07-18 03:01:22,3.83,51,Discharging,19533
2026-07-18 03:02:22,3.83,51,Discharging,19533
2026-07-18 03:03:22,3.82,50,Discharging,19150
2026-07-18 03:04:22,3.82,50,Discharging,19150
2026-07-18 03:05:22,3.82,50,Discharging,19150
2026-07-18 03:06:22,3.82,50,Discharging,19150
2026-07-18 03:07:22,3.83,50,Discharging,19150
2026-07-18 03:08:22,3.82,50,Discharging,19150
2026-07-18 03:09:22,3.83,51,Discharging,19533
2026-07-18 03:10:22,3.82,50,Discharging,19150
2026-07-18 03:11:22,3.82,50,Discharging,19150
2026-07-18 03:12:22,3.82,50,Discharging,19150
2026-07-18 03:13:22,3.82,50,Discharging,19150
2026-07-18 03:14:22,3.82,50,Discharging,19150
2026-07-18 03:15:22,3.82,50,Discharging,18320
2026-07-18 03:16:22,3.82,49,Discharging,17954
2026-07-18 03:17:22,3.82,49,Discharging,17954
2026-07-18 03:18:22,3.82,50,Discharging,18320
2026-07-18 03:19:22,3.83,50,Discharging,18320
2026-07-18 03:20:22,3.82,50,Discharging,18320
2026-07-18 03:21:22,3.82,49,Discharging,15392
2026-07-18 03:22:22,3.82,50,Discharging,15706
2026-07-18 03:23:22,3.82,49,Discharging,15392
2026-07-18 03:24:22,3.82,50,Discharging,15706
2026-07-18 03:25:22,3.82,49,Discharging,15392
2026-07-18 03:26:22,3.82,48,Discharging,15078
2026-07-18 03:27:22,3.82,48,Discharging,15078
2026-07-18 03:28:22,3.82,49,Discharging,15392
2026-07-18 03:29:23,3.82,49,Discharging,15392
2026-07-18 03:30:23,3.82,49,Discharging,15392
2026-07-18 03:31:23,3.82,48,Discharging,13455
2026-07-18 03:32:23,3.82,49,Discharging,13735
2026-07-18 03:33:23,3.82,48,Discharging,13455
2026-07-18 03:34:23,3.82,49,Discharging,13735
2026-07-18 03:35:23,3.82,49,Discharging,13735
2026-07-18 03:36:23,3.82,48,Discharging,13455
2026-07-18 03:37:23,3.82,49,Discharging,13735
2026-07-18 03:38:23,3.82,49,Discharging,13735
2026-07-18 03:39:23,3.81,48,Discharging,13455
2026-07-18 03:40:23,3.82,49,Discharging,13735
2026-07-18 03:41:23,3.81,48,Discharging,13455
2026-07-18 03:42:23,3.81,48,Discharging,11724
2026-07-18 03:43:23,3.81,48,Discharging,11724
2026-07-18 03:44:23,3.82,48,Discharging,11724
2026-07-18 03:45:25,3.81,48,Discharging,11724
2026-07-18 03:46:23,3.82,48,Discharging,11724
2026-07-18 03:47:23,3.82,48,Discharging,11724
2026-07-18 03:48:23,3.82,49,Discharging,11968
2026-07-18 03:49:23,3.81,48,Discharging,11724
2026-07-18 03:50:23,3.81,48,Discharging,11724
2026-07-18 03:51:23,3.81,47,Discharging,11480
2026-07-18 03:52:23,3.81,48,Discharging,11724
2026-07-18 03:53:23,3.81,48,Discharging,11724
2026-07-18 03:54:23,3.81,46,Discharging,11235
2026-07-18 03:55:23,3.81,46,Discharging,11235
2026-07-18 03:56:23,3.81,47,Discharging,11480
2026-07-18 03:57:23,3.81,46,Discharging,11235
2026-07-18 03:58:23,3.80,44,Discharging,10747
2026-07-18 03:59:23,3.81,46,Discharging,11235
2026-07-18 04:00:24,3.80,44,Discharging,10747
2026-07-18 04:01:23,3.80,45,Discharging,10991
2026-07-18 04:02:23,3.80,44,Discharging,10747
2026-07-18 04:03:23,3.81,46,Discharging,11235
2026-07-18 04:04:23,3.81,45,Discharging,10991
2026-07-18 04:05:23,3.80,44,Discharging,10747
2026-07-18 04:06:23,3.80,45,Discharging,10991
2026-07-18 04:07:23,3.80,45,Discharging,10991
2026-07-18 04:08:23,3.80,45,Discharging,10991
2026-07-18 04:09:23,3.81,45,Discharging,10991
2026-07-18 04:10:23,3.80,45,Discharging,10991
2026-07-18 04:11:23,3.80,44,Discharging,10747
2026-07-18 04:12:23,3.80,45,Discharging,10991
2026-07-18 04:13:23,3.80,44,Discharging,10747
2026-07-18 04:14:23,3.80,44,Discharging,10747
2026-07-18 04:15:23,3.80,44,Discharging,10747
2026-07-18 04:16:23,3.80,44,Discharging,10747
2026-07-18 04:17:24,3.80,45,Discharging,10991
2026-07-18 04:18:23,3.80,43,Discharging,10503
2026-07-18 04:19:23,3.80,44,Discharging,10747
2026-07-18 04:20:23,3.80,44,Discharging,10747
2026-07-18 04:21:23,3.80,44,Discharging,10747
2026-07-18 04:22:23,3.80,45,Discharging,10991
2026-07-18 04:23:23,3.80,44,Discharging,10747
2026-07-18 04:24:23,3.80,44,Discharging,10747
2026-07-18 04:25:23,3.80,43,Discharging,10503
2026-07-18 04:26:24,3.80,43,Discharging,10503
2026-07-18 04:27:24,3.80,43,Discharging,10503
2026-07-18 04:28:24,3.79,41,Discharging,10014
2026-07-18 04:29:24,3.79,40,Discharging,9770
2026-07-18 04:30:24,3.79,41,Discharging,10014
2026-07-18 04:31:24,3.80,43,Discharging,10503
2026-07-18 04:32:24,3.80,43,Discharging,10503
2026-07-18 04:33:24,3.80,44,Discharging,10747
2026-07-18 04:34:24,3.80,43,Discharging,10503
2026-07-18 04:35:24,3.80,43,Discharging,10503
2026-07-18 04:36:24,3.79,41,Discharging,10014
2026-07-18 04:37:24,3.79,40,Discharging,9770
2026-07-18 04:38:24,3.79,40,Discharging,9770
2026-07-18 04:39:24,3.79,41,Discharging,10014
2026-07-18 04:40:24,3.79,41,Discharging,10014
2026-07-18 04:41:24,3.79,41,Discharging,10014
2026-07-18 04:42:24,3.79,41,Discharging,10014
2026-07-18 04:43:24,3.79,40,Discharging,9770
2026-07-18 04:44:24,3.79,39,Discharging,9525
2026-07-18 04:45:24,3.78,39,Discharging,9525
2026-07-18 04:46:24,3.79,40,Discharging,9770
2026-07-18 04:47:24,3.79,40,Discharging,9770
2026-07-18 04:48:24,3.79,39,Discharging,9525
2026-07-18 04:49:24,3.79,40,Discharging,9770
2026-07-18 04:50:24,3.79,40,Discharging,9770
2026-07-18 04:51:24,3.79,41,Discharging,10014
2026-07-18 04:52:24,3.79,41,Discharging,10014
2026-07-18 04:53:24,3.79,41,Charging / USB,34366
2026-07-18 04:54:24,3.79,40,Charging / USB,26188
2026-07-18 04:55:24,3.79,40,Charging / USB,33265
2026-07-18 04:56:24,3.78,39,Discharging,9525
2026-07-18 04:57:24,3.79,40,Discharging,9770
2026-07-18 04:58:24,3.79,40,Discharging,9770
2026-07-18 04:59:24,3.79,40,Discharging,9770
2026-07-18 05:00:24,3.78,39,Discharging,9525
2026-07-18 05:01:24,3.78,39,Discharging,9525
2026-07-18 05:02:24,3.78,39,Discharging,9525
2026-07-18 05:03:24,3.79,39,Discharging,9525
2026-07-18 05:04:24,3.79,39,Discharging,9525
2026-07-18 05:05:24,3.78,39,Discharging,9525
2026-07-18 05:06:24,3.78,39,Discharging,10740
2026-07-18 05:07:24,3.78,39,Discharging,10740
2026-07-18 05:08:24,3.78,39,Discharging,10740
2026-07-18 05:09:24,3.78,39,Discharging,10740
2026-07-18 05:10:24,3.78,39,Discharging,10740
2026-07-18 05:11:24,3.78,39,Discharging,10740
2026-07-18 05:12:24,3.78,38,Discharging,10538
2026-07-18 05:13:24,3.78,38,Discharging,10538
2026-07-18 05:14:25,3.78,37,Discharging,10260
2026-07-18 05:15:24,3.78,37,Discharging,10260
2026-07-18 05:16:24,3.78,38,Discharging,10538
2026-07-18 05:17:24,3.78,37,Discharging,10260
2026-07-18 05:18:24,3.78,38,Discharging,10538
2026-07-18 05:19:24,3.78,38,Discharging,10538
2026-07-18 05:20:24,3.78,38,Discharging,10538
2026-07-18 05:21:24,3.78,38,Discharging,10538
2026-07-18 05:22:24,3.78,37,Discharging,10260
2026-07-18 05:23:24,3.78,37,Discharging,10260
2026-07-18 05:24:24,3.78,37,Discharging,10260
2026-07-18 05:25:24,3.78,37,Discharging,10260
2026-07-18 05:26:24,3.78,38,Discharging,10538
2026-07-18 05:27:24,3.78,37,Discharging,10260
2026-07-18 05:28:24,3.78,37,Discharging,10260
2026-07-18 05:29:24,3.78,37,Discharging,10260
2026-07-18 05:30:24,3.78,37,Discharging,9429
2026-07-18 05:31:24,3.77,36,Discharging,9175
2026-07-18 05:32:24,3.77,36,Discharging,9175
2026-07-18 05:33:24,3.78,37,Discharging,9429
2026-07-18 05:34:24,3.77,36,Discharging,9175
2026-07-18 05:35:24,3.77,36,Discharging,9175
2026-07-18 05:36:24,3.77,36,Discharging,9175
2026-07-18 05:37:24,3.77,36,Discharging,9175
2026-07-18 05:38:24,3.77,36,Discharging,8564
2026-07-18 05:39:24,3.77,36,Discharging,8564
2026-07-18 05:40:24,3.77,35,Discharging,7500
2026-07-18 05:41:24,3.77,36,Discharging,7715
2026-07-18 05:42:24,3.77,35,Discharging,7500
2026-07-18 05:43:24,3.77,36,Discharging,7715
2026-07-18 05:44:24,3.77,36,Discharging,7715
2026-07-18 05:45:24,3.77,35,Discharging,7500
2026-07-18 05:46:24,3.77,34,Discharging,7286
2026-07-18 05:47:24,3.76,33,Discharging,7072
2026-07-18 05:48:24,3.76,32,Discharging,6858
2026-07-18 05:49:24,3.76,33,Discharging,7072
2026-07-18 05:50:24,3.77,34,Discharging,7286
2026-07-18 05:51:24,3.77,35,Discharging,7500
2026-07-18 05:52:24,3.77,36,Discharging,7715
2026-07-18 05:53:24,3.77,36,Discharging,7715
2026-07-18 05:54:24,3.77,35,Discharging,7500
2026-07-18 05:55:24,3.77,35,Charging / USB,26831
2026-07-18 05:56:24,3.77,35,Charging / USB,19610
2026-07-18 05:57:24,3.77,34,Charging / USB,18734
2026-07-18 05:58:24,3.76,33,Charging / USB,32276
2026-07-18 05:59:24,3.76,33,Discharging,7072
2026-07-18 06:00:24,3.77,34,Discharging,7286
2026-07-18 06:01:24,3.77,34,Discharging,7286
2026-07-18 06:02:24,3.77,34,Discharging,7286
2026-07-18 06:03:24,3.77,34,Discharging,7286
2026-07-18 06:04:24,3.77,35,Discharging,7500
2026-07-18 06:05:24,3.77,34,Discharging,7286
2026-07-18 06:06:24,3.77,34,Discharging,7286
2026-07-18 06:07:24,3.77,34,Discharging,7286
2026-07-18 06:08:24,3.77,34,Discharging,7286
2026-07-18 06:09:24,3.77,34,Discharging,7286
2026-07-18 06:10:24,3.77,34,Discharging,7286
2026-07-18 06:11:24,3.76,32,Discharging,6858
2026-07-18 06:12:24,3.76,33,Discharging,7072
2026-07-18 06:13:24,3.76,33,Discharging,7072
2026-07-18 06:14:24,3.76,33,Discharging,7072
2026-07-18 06:15:24,3.76,33,Discharging,7072
2026-07-18 06:16:24,3.76,33,Discharging,7072
2026-07-18 06:17:24,3.76,32,Discharging,6858
2026-07-18 06:18:24,3.76,31,Discharging,6643
2026-07-18 06:19:24,3.76,31,Discharging,6643
2026-07-18 06:20:24,3.76,31,Discharging,6643
2026-07-18 06:21:24,3.76,31,Discharging,6643
2026-07-18 06:22:24,3.76,32,Discharging,6858
2026-07-18 06:23:24,3.76,32,Discharging,6858
2026-07-18 06:24:24,3.76,32,Discharging,6858
2026-07-18 06:25:24,3.76,32,Discharging,6858
2026-07-18 06:26:24,3.76,31,Discharging,6643
2026-07-18 06:27:24,3.75,30,Discharging,6429
2026-07-18 06:28:24,3.75,30,Discharging,6429
2026-07-18 06:29:25,3.75,30,Discharging,6429
2026-07-18 06:30:24,3.75,30,Discharging,6429
2026-07-18 06:31:24,3.75,30,Discharging,6429
2026-07-18 06:32:24,3.75,29,Discharging,6215
2026-07-18 06:33:24,3.75,30,Discharging,6429
2026-07-18 06:34:24,3.75,30,Discharging,6429
2026-07-18 06:35:24,3.75,30,Discharging,6429
2026-07-18 06:36:24,3.75,31,Discharging,6643
2026-07-18 06:37:24,3.76,31,Discharging,6643
2026-07-18 06:38:24,3.75,29,Discharging,6215
2026-07-18 06:39:24,3.74,28,Discharging,6000
2026-07-18 06:40:24,3.75,28,Discharging,6000
2026-07-18 06:41:24,3.74,27,Discharging,5786
2026-07-18 06:42:24,3.74,26,Discharging,5572
2026-07-18 06:43:24,3.74,25,Discharging,5357
2026-07-18 06:44:24,3.74,26,Discharging,5572
2026-07-18 06:45:24,3.74,27,Discharging,5786
2026-07-18 06:46:24,3.74,28,Discharging,6000
2026-07-18 06:47:24,3.74,27,Discharging,5786
2026-07-18 06:48:24,3.74,27,Discharging,5786
2026-07-18 06:49:24,3.74,27,Discharging,5786
2026-07-18 06:50:24,3.75,28,Discharging,6000
2026-07-18 06:51:24,3.74,28,Discharging,6000
2026-07-18 06:52:24,3.74,27,Charging / USB,36993
2026-07-18 06:53:24,3.74,27,Discharging,5786
2026-07-18 06:54:24,3.74,26,Discharging,5572
2026-07-18 06:55:24,3.74,26,Discharging,5572
2026-07-18 06:56:24,3.74,26,Discharging,5572
2026-07-18 06:57:24,3.74,26,Discharging,5572
2026-07-18 06:58:24,3.74,26,Discharging,5572
2026-07-18 06:59:24,3.74,26,Discharging,5572
2026-07-18 07:00:24,3.74,27,Discharging,5786
2026-07-18 07:01:24,3.74,27,Discharging,5786
2026-07-18 07:02:24,3.74,26,Discharging,5572
2026-07-18 07:03:24,3.74,26,Discharging,5572
2026-07-18 07:04:24,3.74,26,Discharging,5572
2026-07-18 07:05:24,3.74,27,Discharging,5786
2026-07-18 07:06:24,3.74,27,Discharging,5786
2026-07-18 07:07:24,3.74,27,Discharging,5786
2026-07-18 07:08:24,3.74,27,Discharging,5223
2026-07-18 07:09:24,3.74,27,Discharging,5223
2026-07-18 07:10:24,3.74,26,Discharging,5029
2026-07-18 07:11:24,3.74,26,Discharging,5029
2026-07-18 07:12:24,3.74,26,Discharging,5029
2026-07-18 07:13:24,3.74,25,Discharging,4836
2026-07-18 07:14:24,3.74,25,Discharging,4836
2026-07-18 07:15:24,3.74,25,Discharging,4836
2026-07-18 07:16:24,3.74,25,Discharging,4836
2026-07-18 07:17:24,3.73,25,Discharging,4836
2026-07-18 07:18:24,3.74,25,Discharging,4836
2026-07-18 07:19:24,3.74,25,Discharging,4836
2026-07-18 07:20:24,3.73,24,Discharging,4314
2026-07-18 07:21:24,3.73,23,Discharging,4134
2026-07-18 07:22:24,3.73,24,Discharging,4314
2026-07-18 07:23:24,3.73,24,Discharging,4314
2026-07-18 07:24:24,3.73,22,Discharging,3954
2026-07-18 07:25:24,3.72,22,Discharging,3954
2026-07-18 07:26:24,3.73,22,Discharging,3954
2026-07-18 07:27:24,3.73,23,Discharging,4134
2026-07-18 07:28:24,3.73,24,Discharging,4314
2026-07-18 07:29:24,3.73,24,Discharging,4314
2026-07-18 07:30:24,3.73,24,Discharging,3979
2026-07-18 07:31:24,3.73,24,Discharging,3979
2026-07-18 07:32:24,3.73,24,Discharging,3979
2026-07-18 07:33:24,3.72,22,Discharging,3647
2026-07-18 07:34:24,3.73,23,Discharging,3813
2026-07-18 07:35:24,3.73,24,Discharging,3979
2026-07-18 07:36:24,3.73,22,Discharging,3647
2026-07-18 07:37:24,3.73,23,Discharging,3813
2026-07-18 07:38:24,3.73,23,Discharging,3813
2026-07-18 07:39:24,3.73,23,Discharging,3813
2026-07-18 07:40:24,3.73,23,Discharging,3947
2026-07-18 07:41:24,3.73,23,Discharging,3947
2026-07-18 07:42:24,3.73,23,Discharging,3947
2026-07-18 07:43:24,3.73,22,Discharging,3776
2026-07-18 07:44:25,3.73,23,Discharging,3947
2026-07-18 07:45:24,3.73,23,Discharging,3947
2026-07-18 07:46:24,3.72,22,Discharging,3776
2026-07-18 07:47:24,3.72,21,Discharging,3604
2026-07-18 07:48:24,3.72,20,Discharging,3432
2026-07-18 07:49:24,3.72,21,Discharging,3604
2026-07-18 07:50:24,3.72,22,Discharging,3776
2026-07-18 07:51:24,3.72,21,Discharging,3604
2026-07-18 07:52:24,3.72,21,Discharging,3604
2026-07-18 07:53:24,3.72,21,Discharging,3604
2026-07-18 07:54:24,3.72,21,Discharging,3604
2026-07-18 07:55:24,3.72,21,Discharging,3604
2026-07-18 07:56:24,3.72,21,Charging / USB,42336
2026-07-18 07:57:24,3.72,20,Discharging,3432
2026-07-18 07:58:24,3.72,21,Discharging,3604
2026-07-18 07:59:24,3.72,21,Discharging,3604
2026-07-18 08:00:24,3.72,20,Discharging,3432
2026-07-18 08:01:24,3.72,20,Discharging,3432
2026-07-18 08:02:24,3.72,20,Discharging,3432
2026-07-18 08:03:24,3.72,19,Discharging,3261
2026-07-18 08:04:24,3.72,19,Discharging,3261
2026-07-18 08:05:24,3.72,19,Discharging,3261
2026-07-18 08:06:24,3.71,18,Discharging,3065
2026-07-18 08:07:24,3.71,18,Discharging,3065
2026-07-18 08:08:24,3.71,16,Discharging,2725
2026-07-18 08:09:24,3.71,17,Discharging,2895
2026-07-18 08:10:24,3.71,18,Discharging,3065
2026-07-18 08:11:24,3.71,18,Discharging,3065
2026-07-18 08:12:24,3.71,17,Discharging,2895
2026-07-18 08:13:24,3.71,18,Discharging,3065
2026-07-18 08:14:24,3.71,18,Discharging,3065
2026-07-18 08:15:24,3.71,17,Discharging,2707
2026-07-18 08:16:24,3.71,17,Discharging,2707
2026-07-18 08:17:24,3.71,18,Discharging,2866
2026-07-18 08:18:24,3.71,18,Discharging,2866
2026-07-18 08:19:24,3.71,18,Discharging,2866
2026-07-18 08:20:24,3.71,18,Discharging,2866
2026-07-18 08:21:24,3.71,17,Discharging,2707
2026-07-18 08:22:24,3.71,17,Discharging,2707
2026-07-18 08:23:24,3.71,17,Discharging,2707
2026-07-18 08:24:24,3.71,17,Discharging,2707
2026-07-18 08:25:24,3.71,17,Discharging,2707
2026-07-18 08:26:24,3.71,16,Discharging,2548
2026-07-18 08:27:24,3.71,16,Discharging,2548
2026-07-18 08:28:24,3.71,17,Discharging,2707
2026-07-18 08:29:24,3.71,16,Discharging,2548
2026-07-18 08:30:24,3.70,15,Discharging,2388
2026-07-18 08:31:24,3.70,15,Discharging,2388
2026-07-18 08:32:24,3.70,15,Discharging,2388
2026-07-18 08:33:24,3.70,16,Discharging,2548
2026-07-18 08:34:24,3.71,16,Discharging,2548
2026-07-18 08:35:24,3.70,14,Discharging,2229
2026-07-18 08:36:24,3.70,14,Discharging,2229
2026-07-18 08:37:24,3.69,14,Discharging,2229
2026-07-18 08:38:24,3.69,14,Discharging,2229
2026-07-18 08:39:24,3.69,14,Discharging,2229
2026-07-18 08:40:24,3.69,14,Discharging,2229
2026-07-18 08:41:24,3.69,14,Discharging,2229
2026-07-18 08:42:24,3.69,14,Discharging,2229
2026-07-18 08:43:24,3.69,14,Discharging,2229
2026-07-18 08:44:24,3.70,14,Discharging,2229
2026-07-18 08:45:24,3.69,14,Discharging,2229
2026-07-18 08:46:24,3.69,14,Discharging,2229
2026-07-18 08:47:24,3.69,14,Discharging,2229
2026-07-18 08:48:24,3.69,14,Discharging,2229
2026-07-18 08:49:24,3.69,14,Discharging,2229
2026-07-18 08:50:24,3.69,14,Discharging,2229
2026-07-18 08:51:24,3.69,14,Discharging,2229
2026-07-18 08:52:24,3.69,14,Discharging,2229
2026-07-18 08:53:24,3.69,14,Discharging,2229
2026-07-18 08:54:24,3.69,14,Discharging,2229
2026-07-18 08:55:24,3.69,14,Discharging,2229
2026-07-18 08:56:24,3.69,14,Discharging,2229
2026-07-18 08:57:24,3.69,14,Discharging,2229
2026-07-18 08:58:25,3.69,14,Discharging,2229
2026-07-18 08:59:25,3.69,14,Discharging,2229
2026-07-18 09:00:24,3.69,14,Discharging,2229
2026-07-18 09:01:24,3.69,14,Discharging,2229
2026-07-18 09:02:24,3.69,14,Discharging,2229
2026-07-18 09:03:24,3.69,14,Discharging,2229
2026-07-18 09:04:24,3.69,14,Discharging,2229
2026-07-18 09:05:24,3.69,14,Discharging,2229
2026-07-18 09:06:24,3.69,14,Discharging,2229
2026-07-18 09:07:24,3.68,14,Discharging,2229
2026-07-18 09:08:24,3.69,14,Discharging,2229
2026-07-18 09:09:24,3.68,14,Discharging,2229
2026-07-18 09:10:24,3.68,14,Discharging,2229
2026-07-18 09:11:24,3.68,14,Discharging,2229
2026-07-18 09:12:24,3.68,14,Discharging,7635
2026-07-18 09:13:24,3.69,14,Discharging,7635
2026-07-18 09:14:24,3.68,14,Discharging,7635
2026-07-18 09:15:24,3.69,14,Discharging,7635
2026-07-18 09:16:24,3.69,14,Discharging,7635
2026-07-18 09:17:24,3.69,14,Discharging,7635
2026-07-18 09:18:24,3.69,14,Discharging,7635
2026-07-18 09:19:24,3.68,14,Discharging,7635
2026-07-18 09:20:24,3.68,14,Discharging,7635
2026-07-18 09:21:24,3.68,14,Discharging,7635
2026-07-18 09:22:24,3.68,14,Discharging,7635
2026-07-18 09:23:24,3.68,14,Discharging,7942
2026-07-18 09:24:24,3.68,14,Discharging,7942
2026-07-18 09:25:24,3.68,14,Discharging,7942
2026-07-18 09:26:24,3.68,14,Discharging,7942
2026-07-18 09:27:24,3.68,14,Discharging,7942
2026-07-18 09:28:24,3.68,14,Discharging,7942
2026-07-18 09:29:24,3.68,14,Discharging,7942
2026-07-18 09:30:24,3.68,13,Discharging,7375
2026-07-18 09:31:24,3.68,13,Discharging,7375
2026-07-18 09:32:24,3.68,13,Discharging,7375
2026-07-18 09:33:24,3.68,13,Discharging,7375
2026-07-18 09:34:24,3.67,13,Discharging,7375
2026-07-18 09:35:24,3.67,13,Discharging,7375
2026-07-18 09:36:24,3.67,13,Discharging,7375
2026-07-18 09:37:24,3.68,13,Discharging,7375
2026-07-18 09:38:24,3.67,13,Discharging,7375
2026-07-18 09:39:24,3.67,13,Discharging,7375
2026-07-18 09:40:24,3.68,13,Discharging,7375
2026-07-18 09:41:24,3.68,13,Discharging,7375
2026-07-18 09:42:24,3.67,13,Discharging,7375
2026-07-18 09:43:24,3.68,13,Discharging,7375
2026-07-18 09:44:24,3.67,13,Discharging,7375
2026-07-18 09:45:24,3.67,13,Discharging,7375
2026-07-18 09:46:24,3.67,13,Discharging,7375
2026-07-18 09:47:24,3.67,13,Discharging,7375
2026-07-18 09:48:24,3.67,13,Discharging,7375
2026-07-18 09:49:24,3.67,13,Discharging,7375
2026-07-18 09:50:24,3.67,13,Discharging,7375
2026-07-18 09:51:24,3.67,13,Discharging,7375
2026-07-18 09:52:24,3.67,13,Discharging,7375
2026-07-18 09:53:24,3.67,13,Discharging,7375
2026-07-18 09:54:24,3.67,13,Discharging,7375
2026-07-18 09:55:24,3.67,13,Discharging,7375
2026-07-18 09:56:24,3.67,13,Discharging,7375
2026-07-18 09:57:24,3.66,13,Discharging,7375
2026-07-18 09:58:24,3.67,13,Discharging,7375
2026-07-18 09:59:24,3.67,13,Discharging,7375
2026-07-18 10:00:24,3.67,13,Discharging,7375
2026-07-18 10:01:24,3.67,13,Discharging,7375
2026-07-18 10:02:24,3.67,13,Discharging,7375
2026-07-18 10:03:24,3.67,13,Discharging,7375
2026-07-18 10:04:24,3.67,13,Discharging,7375
2026-07-18 10:05:24,3.67,13,Discharging,7375
2026-07-18 10:06:24,3.67,13,Discharging,7375
2026-07-18 10:07:24,3.67,13,Discharging,7375
2026-07-18 10:08:24,3.67,13,Discharging,7375
2026-07-18 10:09:24,3.67,13,Discharging,7375
2026-07-18 10:10:24,3.67,13,Discharging,7375
2026-07-18 10:11:24,3.67,13,Discharging,7375
2026-07-18 10:12:24,3.67,13,Discharging,7375
2026-07-18 10:13:26,3.66,13,Discharging,7375
2026-07-18 10:14:24,3.66,13,Discharging,7375
2026-07-18 10:15:24,3.66,12,Discharging,11614
2026-07-18 10:16:24,3.66,12,Discharging,11614
2026-07-18 10:17:24,3.66,13,Discharging,12582
2026-07-18 10:18:24,3.66,13,Discharging,12582
2026-07-18 10:19:24,3.66,13,Discharging,12582
2026-07-18 10:20:24,3.66,13,Discharging,12582
2026-07-18 10:21:24,3.66,13,Discharging,12582
2026-07-18 10:22:24,3.66,12,Discharging,9891
2026-07-18 10:23:24,3.66,12,Discharging,9891
2026-07-18 10:24:24,3.66,13,Discharging,10715
2026-07-18 10:25:24,3.66,13,Discharging,10715
2026-07-18 10:26:24,3.66,12,Discharging,9891
2026-07-18 10:27:24,3.66,12,Discharging,9891
2026-07-18 10:28:24,3.66,12,Discharging,9891
2026-07-18 10:29:24,3.66,12,Discharging,9891
2026-07-18 10:30:24,3.66,12,Discharging,9891
2026-07-18 10:31:24,3.66,12,Discharging,9891
2026-07-18 10:32:24,3.66,12,Discharging,9891
2026-07-18 10:33:24,3.66,12,Discharging,9891
2026-07-18 10:34:24,3.65,12,Discharging,9891
2026-07-18 10:35:24,3.65,12,Discharging,9891
2026-07-18 10:36:24,3.65,12,Discharging,9891
2026-07-18 10:37:24,3.64,12,Discharging,9891
2026-07-18 10:38:24,3.65,12,Discharging,9891
2026-07-18 10:39:24,3.65,12,Discharging,9891
2026-07-18 10:40:24,3.65,12,Discharging,9891
2026-07-18 10:41:24,3.65,12,Discharging,9891
2026-07-18 10:42:24,3.65,12,Discharging,9891
2026-07-18 10:43:24,3.65,12,Discharging,9891
2026-07-18 10:44:24,3.65,12,Discharging,9891
2026-07-18 10:45:24,3.65,12,Discharging,9891
2026-07-18 10:46:24,3.65,12,Discharging,9891
2026-07-18 10:47:24,3.65,12,Discharging,9891
2026-07-18 10:48:24,3.65,12,Discharging,9891
2026-07-18 10:49:24,3.65,12,Discharging,9891
2026-07-18 10:50:24,3.65,12,Discharging,9891
2026-07-18 10:51:24,3.65,12,Discharging,9891
2026-07-18 10:52:24,3.65,12,Discharging,9891
2026-07-18 10:53:24,3.65,12,Discharging,9891
2026-07-18 10:54:24,3.65,12,Discharging,9891
2026-07-18 10:55:24,3.64,12,Discharging,9891
2026-07-18 10:56:24,3.64,12,Discharging,9891
2026-07-18 10:57:24,3.64,12,Discharging,9891
2026-07-18 10:58:24,3.64,11,Discharging,11169
2026-07-18 10:59:24,3.64,11,Discharging,11169
2026-07-18 11:00:24,3.64,12,Discharging,12185
2026-07-18 11:01:24,3.64,12,Discharging,12185
2026-07-18 11:02:24,3.64,12,Discharging,12185
2026-07-18 11:03:24,3.64,12,Discharging,10000
2026-07-18 11:04:24,3.64,12,Discharging,10000
2026-07-18 11:05:24,3.64,12,Discharging,10000
2026-07-18 11:06:24,3.64,12,Discharging,10000
2026-07-18 11:07:24,3.64,12,Discharging,10000
2026-07-18 11:08:24,3.64,12,Discharging,10000
2026-07-18 11:09:24,3.64,12,Discharging,10000
2026-07-18 11:10:24,3.64,12,Discharging,8960
2026-07-18 11:11:24,3.64,11,Discharging,8213
2026-07-18 11:12:24,3.64,12,Discharging,8960
2026-07-18 11:13:24,3.64,12,Discharging,8960
2026-07-18 11:14:24,3.64,11,Discharging,8213
2026-07-18 11:15:24,3.64,11,Discharging,8213
2026-07-18 11:16:24,3.64,11,Discharging,8213
2026-07-18 11:17:24,3.64,11,Discharging,8213
2026-07-18 11:18:24,3.63,11,Discharging,8213
2026-07-18 11:19:24,3.63,11,Discharging,8213
2026-07-18 11:20:24,3.64,11,Discharging,8213
2026-07-18 11:21:24,3.64,11,Discharging,8213
2026-07-18 11:22:24,3.64,11,Discharging,8213
2026-07-18 11:23:24,3.64,11,Discharging,8213
2026-07-18 11:24:24,3.64,11,Discharging,8213
2026-07-18 11:25:24,3.64,11,Discharging,8213
2026-07-18 11:26:24,3.64,11,Discharging,8213
2026-07-18 11:27:24,3.64,11,Discharging,8213
2026-07-18 11:28:25,3.64,11,Discharging,8213
2026-07-18 11:29:24,3.63,11,Discharging,8213
2026-07-18 11:30:24,3.64,11,Discharging,8213
2026-07-18 11:31:24,3.64,11,Discharging,8213
2026-07-18 11:32:24,3.64,11,Discharging,8213
2026-07-18 11:33:24,3.63,11,Discharging,8213
2026-07-18 11:34:24,3.63,11,Discharging,8213
2026-07-18 11:35:24,3.63,11,Discharging,8213
2026-07-18 11:36:24,3.63,11,Discharging,8213
2026-07-18 11:37:24,3.63,11,Discharging,8213
2026-07-18 11:38:24,3.63,11,Discharging,8213
2026-07-18 11:39:24,3.63,11,Discharging,8213
2026-07-18 11:40:24,3.63,11,Discharging,8213
2026-07-18 11:41:24,3.63,11,Discharging,8213
2026-07-18 11:42:24,3.63,11,Discharging,8213
2026-07-18 11:43:24,3.63,11,Discharging,8213
2026-07-18 11:44:24,3.62,11,Discharging,8213
2026-07-18 11:45:24,3.62,11,Discharging,8213
2026-07-18 11:46:24,3.62,11,Discharging,8213
2026-07-18 11:47:24,3.62,11,Discharging,10497
2026-07-18 11:48:24,3.62,10,Discharging,9543
2026-07-18 11:49:24,3.62,10,Discharging,9543
2026-07-18 11:50:24,3.62,11,Discharging,10497
2026-07-18 11:51:24,3.63,11,Discharging,10497
2026-07-18 11:52:24,3.63,11,Discharging,10497
2026-07-18 11:53:24,3.63,11,Discharging,10497
2026-07-18 11:54:24,3.63,11,Discharging,10497
2026-07-18 11:55:24,3.63,11,Charging / USB,40389
2026-07-18 11:56:24,3.63,11,Charging / USB,29539
2026-07-18 11:57:24,3.62,11,Charging / USB,32166
2026-07-18 11:58:25,3.63,11,Charging / USB,51031
2026-07-18 11:59:24,3.62,11,Discharging,10497
2026-07-18 12:00:24,3.62,11,Discharging,10497
2026-07-18 12:01:24,3.62,11,Discharging,10497
2026-07-18 12:02:24,3.62,11,Discharging,10497
2026-07-18 12:03:24,3.62,11,Discharging,10497
2026-07-18 12:04:24,3.62,11,Discharging,10497
2026-07-18 12:05:24,3.62,11,Discharging,10497
2026-07-18 12:06:24,3.62,11,Discharging,10497
2026-07-18 12:07:24,3.62,11,Discharging,10497
2026-07-18 12:08:24,3.63,11,Discharging,10497
2026-07-18 12:09:24,3.62,11,Discharging,10497
2026-07-18 12:10:24,3.62,11,Discharging,10497
2026-07-18 12:11:24,3.62,11,Discharging,10497
2026-07-18 12:12:24,3.62,11,Discharging,10497
2026-07-18 12:13:25,3.62,11,Discharging,10497
2026-07-18 12:14:24,3.62,11,Discharging,10497
2026-07-18 12:15:24,3.62,11,Discharging,10497
2026-07-18 12:16:24,3.62,11,Discharging,10675
2026-07-18 12:17:24,3.62,11,Discharging,10675
2026-07-18 12:18:24,3.62,11,Discharging,8848
2026-07-18 12:19:24,3.62,11,Discharging,8848
2026-07-18 12:20:24,3.62,11,Discharging,8848
2026-07-18 12:21:24,3.62,10,Discharging,8043
2026-07-18 12:22:24,3.61,10,Discharging,8043
2026-07-18 12:23:24,3.61,10,Discharging,8043
2026-07-18 12:24:24,3.61,10,Discharging,8043
2026-07-18 12:25:24,3.62,10,Discharging,8043
2026-07-18 12:26:24,3.61,10,Discharging,8043
2026-07-18 12:27:24,3.61,10,Discharging,8043
2026-07-18 12:28:25,3.60,10,Discharging,8043
2026-07-18 12:29:24,3.60,10,Discharging,8043
2026-07-18 12:30:24,3.60,10,Discharging,7405
2026-07-18 12:31:24,3.61,10,Discharging,7405
2026-07-18 12:32:24,3.61,10,Discharging,7405
2026-07-18 12:33:24,3.61,10,Discharging,7405
2026-07-18 12:34:25,3.62,10,Discharging,7405
2026-07-18 12:35:24,3.61,10,Discharging,7405
2026-07-18 12:36:24,3.61,10,Charging / USB,29354
2026-07-18 12:37:24,3.61,10,Charging / USB,22512
2026-07-18 12:38:24,3.61,10,Charging / USB,20836
2026-07-18 12:39:24,3.61,10,Charging / USB,24533
2026-07-18 12:40:24,3.61,10,Charging / USB,37564
2026-07-18 12:41:24,3.61,10,Discharging,7405
2026-07-18 12:42:24,3.62,10,Discharging,7405
2026-07-18 12:43:25,3.61,10,Discharging,7405
2026-07-18 12:44:24,3.61,10,Discharging,7405
2026-07-18 12:45:24,3.61,10,Discharging,7405
2026-07-18 12:46:24,3.61,10,Discharging,7405
2026-07-18 12:47:24,3.61,10,Discharging,7405
2026-07-18 12:48:24,3.61,10,Discharging,7405
2026-07-18 12:49:25,3.60,10,Discharging,6928
2026-07-18 12:50:25,3.61,10,Discharging,6928
2026-07-18 12:51:25,3.61,10,Discharging,6928
2026-07-18 12:52:25,3.61,10,Discharging,6928
2026-07-18 12:53:25,3.61,10,Discharging,6928
2026-07-18 12:54:25,3.61,10,Discharging,6928
2026-07-18 12:55:25,3.61,10,Discharging,6928
2026-07-18 12:56:25,3.60,10,Discharging,6928
2026-07-18 12:57:25,3.61,10,Discharging,6928
2026-07-18 12:58:25,3.61,10,Discharging,6928
2026-07-18 12:59:25,3.61,10,Discharging,6928
2026-07-18 13:00:25,3.61,10,Discharging,6928
2026-07-18 13:01:25,3.60,10,Discharging,6928
2026-07-18 13:02:25,3.60,10,Discharging,6928
2026-07-18 13:03:25,3.60,10,Discharging,6928
2026-07-18 13:04:25,3.61,10,Discharging,6928
2026-07-18 13:05:25,3.60,10,Discharging,6928
2026-07-18 13:06:25,3.60,9,Discharging,6789
2026-07-18 13:07:25,3.60,9,Discharging,6789
2026-07-18 13:08:25,3.60,10,Discharging,7544
2026-07-18 13:09:25,3.61,10,Discharging,7544
2026-07-18 13:10:25,3.60,10,Discharging,6235
2026-07-18 13:11:25,3.60,10,Discharging,6235
2026-07-18 13:12:25,3.60,10,Discharging,6235
2026-07-18 13:13:27,3.60,10,Discharging,6235
2026-07-18 13:14:25,3.59,9,Discharging,4844
2026-07-18 13:15:25,3.59,9,Discharging,4844
2026-07-18 13:16:25,3.59,9,Discharging,4844
2026-07-18 13:17:25,3.60,9,Discharging,4844
2026-07-18 13:18:25,3.59,9,Discharging,4844
2026-07-18 13:19:25,3.59,9,Discharging,4844
2026-07-18 13:20:25,3.59,9,Discharging,4844
2026-07-18 13:21:25,3.59,9,Discharging,4844
2026-07-18 13:22:25,3.59,9,Discharging,4844
2026-07-18 13:23:25,3.59,9,Discharging,4844
2026-07-18 13:24:25,3.59,9,Discharging,4844
2026-07-18 13:25:25,3.59,9,Discharging,4844
2026-07-18 13:26:25,3.59,9,Discharging,4844
2026-07-18 13:27:25,3.59,9,Discharging,4844
2026-07-18 13:28:26,3.59,9,Discharging,4844
2026-07-18 13:29:25,3.59,9,Discharging,4844
2026-07-18 13:30:25,3.59,9,Discharging,4844
2026-07-18 13:31:25,3.59,9,Discharging,4844
2026-07-18 13:32:25,3.59,9,Discharging,4844
2026-07-18 13:33:25,3.59,9,Discharging,4844
2026-07-18 13:34:25,3.59,9,Discharging,4844
2026-07-18 13:35:25,3.59,9,Discharging,4844
2026-07-18 13:36:25,3.59,9,Discharging,4844
2026-07-18 13:37:25,3.59,9,Discharging,4844
2026-07-18 13:38:25,3.59,9,Discharging,4844
2026-07-18 13:39:25,3.59,9,Discharging,4844
2026-07-18 13:40:25,3.59,9,Discharging,4844
2026-07-18 13:41:25,3.59,9,Discharging,4844
2026-07-18 13:42:25,3.59,9,Discharging,4844
2026-07-18 13:43:25,3.59,9,Discharging,4844
2026-07-18 13:44:25,3.59,9,Discharging,4844
2026-07-18 13:45:25,3.59,9,Discharging,4844
2026-07-18 13:46:25,3.59,9,Discharging,4844
2026-07-18 13:47:25,3.59,9,Discharging,4844
2026-07-18 13:48:25,3.59,9,Discharging,4844
2026-07-18 13:49:25,3.59,9,Discharging,4844
2026-07-18 13:50:25,3.59,9,Discharging,4844
2026-07-18 13:51:25,3.59,9,Discharging,4844
2026-07-18 13:52:25,3.59,9,Discharging,4844
2026-07-18 13:53:25,3.59,9,Discharging,4844
2026-07-18 13:54:25,3.59,9,Discharging,4844
2026-07-18 13:55:25,3.59,9,Discharging,4844
2026-07-18 13:56:25,3.59,9,Discharging,4844
2026-07-18 13:57:25,3.59,9,Discharging,4844
2026-07-18 13:58:25,3.59,9,Discharging,4844
2026-07-18 13:59:25,3.59,9,Discharging,4844
2026-07-18 14:00:25,3.59,9,Discharging,4844
2026-07-18 14:01:25,3.59,9,Discharging,4844
2026-07-18 14:02:25,3.59,9,Discharging,4844
2026-07-18 14:03:25,3.59,9,Discharging,4844
2026-07-18 14:04:25,3.59,9,Discharging,4844
2026-07-18 14:05:25,3.59,9,Discharging,4844
2026-07-18 14:06:25,3.59,9,Discharging,4844
2026-07-18 14:07:25,3.59,9,Discharging,4844
2026-07-18 14:08:25,3.59,9,Discharging,4844
2026-07-18 14:09:25,3.59,9,Discharging,4844
2026-07-18 14:10:25,3.58,9,Discharging,4844
2026-07-18 14:11:25,3.58,9,Discharging,4844
2026-07-18 14:12:25,3.58,9,Discharging,4844
2026-07-18 14:13:25,3.58,9,Discharging,4844
2026-07-18 14:14:25,3.58,9,Discharging,10337
2026-07-18 14:15:25,3.59,9,Discharging,10337
2026-07-18 14:16:25,3.58,9,Discharging,10337
2026-07-18 14:17:25,3.59,9,Discharging,10337
2026-07-18 14:18:25,3.59,9,Discharging,10337
2026-07-18 14:19:25,3.59,9,Discharging,10337
2026-07-18 14:20:25,3.59,9,Discharging,10337
2026-07-18 14:21:25,3.59,9,Discharging,10337
2026-07-18 14:22:25,3.59,9,Discharging,10337
2026-07-18 14:23:25,3.59,9,Discharging,10337
2026-07-18 14:24:25,3.59,9,Discharging,10337
2026-07-18 14:25:25,3.59,9,Discharging,10337
2026-07-18 14:26:25,3.59,9,Discharging,10337
2026-07-18 14:27:25,3.59,9,Discharging,10337
2026-07-18 14:28:26,3.58,8,Discharging,8767
2026-07-18 14:29:25,3.58,8,Discharging,8767
2026-07-18 14:30:25,3.58,8,Discharging,8767
2026-07-18 14:31:25,3.58,9,Discharging,9863
2026-07-18 14:32:25,3.58,9,Discharging,9863
2026-07-18 14:33:25,3.58,8,Discharging,7173
2026-07-18 14:34:25,3.58,8,Discharging,7173
2026-07-18 14:35:25,3.58,9,Discharging,8070
2026-07-18 14:36:25,3.58,9,Discharging,8070
2026-07-18 14:37:25,3.58,8,Discharging,5970
2026-07-18 14:38:25,3.58,9,Discharging,6717
2026-07-18 14:39:25,3.58,9,Discharging,6717
2026-07-18 14:40:25,3.58,8,Discharging,5970
2026-07-18 14:41:25,3.58,8,Discharging,5970
2026-07-18 14:42:25,3.58,9,Discharging,6717
2026-07-18 14:43:25,3.58,8,Discharging,5970
2026-07-18 14:44:25,3.58,8,Discharging,5970
2026-07-18 14:45:25,3.58,8,Discharging,5970
2026-07-18 14:46:25,3.58,9,Discharging,6717
2026-07-18 14:47:25,3.58,9,Discharging,6717
2026-07-18 14:48:25,3.58,9,Discharging,6717
2026-07-18 14:49:25,3.58,9,Charging / USB,52403
2026-07-18 14:50:25,3.58,9,Charging / USB,42282
2026-07-18 14:51:25,3.58,9,Charging / USB,44409
2026-07-18 14:52:25,3.58,9,Charging / USB,44233
2026-07-18 14:53:25,3.58,9,Charging / USB,40231
2026-07-18 14:54:25,3.58,8,Discharging,5970
2026-07-18 14:55:25,3.58,8,Discharging,5970
2026-07-18 14:56:25,3.58,8,Discharging,5970
2026-07-18 14:57:25,3.58,8,Discharging,5970
2026-07-18 14:58:25,3.58,8,Discharging,5970
2026-07-18 14:59:25,3.58,8,Discharging,5970
2026-07-18 15:00:25,3.58,8,Discharging,5970
2026-07-18 15:01:25,3.58,8,Discharging,5970
2026-07-18 15:02:25,3.58,8,Discharging,5970
2026-07-18 15:03:25,3.57,8,Discharging,5970
2026-07-18 15:04:25,3.58,8,Discharging,5970
2026-07-18 15:05:25,3.58,8,Discharging,5970
2026-07-18 15:06:25,3.58,8,Discharging,5970
2026-07-18 15:07:25,3.58,8,Discharging,5970
2026-07-18 15:08:25,3.57,8,Discharging,5970
2026-07-18 15:09:25,3.58,8,Discharging,5970
2026-07-18 15:10:25,3.57,8,Discharging,5970
2026-07-18 15:11:25,3.57,8,Discharging,5970
2026-07-18 15:12:25,3.57,8,Discharging,5970
2026-07-18 15:13:25,3.57,8,Discharging,5970
2026-07-18 15:14:25,3.57,8,Discharging,5970
2026-07-18 15:15:25,3.57,8,Discharging,5970
2026-07-18 15:16:25,3.57,8,Discharging,5970
2026-07-18 15:17:25,3.57,8,Discharging,5970
2026-07-18 15:18:25,3.57,8,Discharging,5970
2026-07-18 15:19:25,3.57,8,Discharging,5970
2026-07-18 15:20:25,3.57,8,Discharging,5970
2026-07-18 15:21:25,3.57,8,Discharging,5970
2026-07-18 15:22:25,3.56,8,Discharging,5970
2026-07-18 15:23:25,3.57,8,Discharging,5970
2026-07-18 15:24:25,3.57,8,Discharging,5970
2026-07-18 15:25:25,3.57,8,Discharging,5970
2026-07-18 15:26:25,3.57,8,Discharging,5970
2026-07-18 15:27:26,3.56,8,Discharging,5970
2026-07-18 15:28:25,3.57,8,Discharging,5970
2026-07-18 15:29:25,3.57,8,Discharging,5970
2026-07-18 15:30:25,3.57,8,Discharging,5970
2026-07-18 15:31:25,3.57,8,Discharging,5970
2026-07-18 15:32:25,3.57,8,Discharging,5970
2026-07-18 15:33:25,3.57,8,Discharging,5970
2026-07-18 15:34:25,3.57,8,Discharging,5970
2026-07-18 15:35:25,3.56,8,Discharging,5970
2026-07-18 15:36:25,3.56,8,Discharging,8360
2026-07-18 15:37:25,3.56,8,Discharging,8360
2026-07-18 15:38:25,3.57,8,Discharging,8360
2026-07-18 15:39:25,3.57,8,Discharging,8360
2026-07-18 15:40:25,3.57,8,Discharging,8360
2026-07-18 15:41:25,3.57,8,Discharging,8360
2026-07-18 15:42:25,3.57,8,Discharging,8360
2026-07-18 15:43:25,3.57,8,Discharging,8360
2026-07-18 15:44:25,3.57,8,Charging / USB,55496
2026-07-18 15:45:25,3.57,8,Discharging,8360
2026-07-18 15:46:25,3.56,7,Discharging,7315
